ref_code,piece_type,piece_name,piece_brand,vehicle_make,vehicle_model,detail_ht
P1-20815-W1,Fausse calandre,FAUSSE CALENDRE 208/2015,,Peugeot,208,7200.0
530178209,Glace,GLASSE RET BERLINGO 08/ PARTMER 08 S/S G,,Citroën,Berlingo,500.0
KR-287,Poignée,POIGANE INT SYMBOL 13 NOIR 13 G,,Renault,Symbol,750.0
PS-20819,Support,SUPPORT PCHOC 208 19 JEUX,,Peugeot,208,5500.0
3914,Feu stop,3 EME STOP MASTER 3,PLEKSAN,Renault,Master,2500.0
07892R,Absorbeur,ABSEL RBERE 1.2 16V 1.6 CLIO4/SYMBOL/DUSTER/LOGAN,,Renault / Dacia,Clio 4 / Symbol / Logan / Duster,8000.0
58162007080,Aile,AILE AV 106 96 NM G,,Peugeot,106,9500.0
PG1070003A,Aile,AILE AV 205 83-96 A/T D,,Peugeot,205,6800.0
PG1070004A,Aile,AILE AV 205 83-96 A/T G,,Peugeot,205,6800.0
PG1070001A,Aile,AILE AV 205 83-96 D,,Peugeot,205,6700.0
PG1070002A,Aile,AILE AV 205 83-96 G,,Peugeot,205,6700.0
SYPG032G-001BL,Aile,AILE AV 206 98 G,simyi,Peugeot,206,6500.0
PG1070501A,Aile,AILE AV 206 98-09 D,,Peugeot,206,5000.0
SYPG037G-001L,Aile,AILE AV 207 06 G,simyi,Peugeot,207,7500.0
58281004080,Aile,AILE AV 208 12 D,,Peugeot,208,12000.0
PG1070801A,Aile,AILE AV 208 12 D,,Peugeot,208,9800.0
58050802810,Aile,AILE AV 208 12 G,,Peugeot,208,12000.0
PG1070802A,Aile,AILE AV 208 12 G,,Peugeot,208,9800.0
SYPG051G-001BR,Aile,AILE AV 301 12 D,simyi,Peugeot,301,10500.0
PG14-15-R,Aile,AILE AV 301 12 D,,Peugeot,301,7500.0
PG14-05-L,Aile,AILE AV 301 12 G,,Peugeot,301,7500.0
SYPG051G-001BL,Aile,AILE AV 301 12 G,simyi,Peugeot,301,10500.0
00307,Aile,AILE AV 307 05 D,,Peugeot,307,4500.0
AIL308R,Aile,AILE AV 308 08 D,,Peugeot,308,7500.0
AIL308L,Aile,AILE AV 308 08 L,CHINE,Peugeot,308,7500.0
58451004080,Aile,AILE AV 405 92 D,,Peugeot,405,14500.0
58451005080,Aile,AILE AV 405 92 G,,Peugeot,405,14500.0
58461004080,Aile,AILE AV 406 96 AM D,,Peugeot,406,13500.0
58461005080,Aile,AILE AV 406 96 AM G,,Peugeot,406,13500.0
58461008080,Aile,AILE AV 406 99 D,,Peugeot,406,15000.0
58461009080,Aile,AILE AV 406 99 G,,Peugeot,406,15500.0
PG1073002A,Aile,AILE AV 504 68 BERLINE G,,Peugeot,504,8500.0
SYGM47G-001R,Aile,AILE AV AVEO 06 D,simyi,Chevrolet,Aveo,8500.0
SYGM047G-001L,Aile,AILE AV AVEO 06 G,simyi,Chevrolet,Aveo,8500.0
16111005080,Aile,AILE AV BERLINGO 96/PARTNER A/T 96 G,,Peugeot / Citroën,Partner / Berlingo,9500.0
16112009080,Aile,AILE AV BERLINGO/PARTNER 02 S/T,,Citroën / Peugeot,Berlingo / Partner,10500.0
12027102,Aile,AILE AV BERLINGO/PARTNER 08 D,ÈÑÊÛÇá,Citroën / Peugeot,Berlingo / Partner,10500.0
12027104,Aile,AILE AV BERLINGO/PARTNER 08 G,,Citroën / Peugeot,Berlingo / Partner,10500.0
16012005080,Aile,AILE AV C3 02-05 G,,Citroën,C3,10500.0
SYSV043G-001BR,Aile,AILE AV CADDY 2010 D,,Volkswagen,Caddy,11500.0
SYSV043G-001BL,Aile,AILE AV CADDY 2010 G,,Volkswagen,Caddy,11500.0
REN08CLO18,Aile,AILE AV CLIO 01-05 A/APPRET D,,Renault,Clio,5000.0
REN08CL019,Aile,AILE AV CLIO 01-05 A/APPRET G,,Renault,Clio,5000.0
PW-RC5S5,Aile,AILE AV CLIO 05 APRET D,,Renault,Clio,6500.0
PW-RC5S1,Aile,AILE AV CLIO 05 APRET G,,Renault,Clio,6500.0
REB08CL033,Aile,AILE AV CLIO 12 APRET D,DEGA,Renault,Clio,5500.0
REN08CL034,Aile,AILE AV CLIO 12 APRET G,DEGA,Renault,Clio,5500.0
11005102,Aile,AILE AV CLIO 90-98 AM D,ÈÑÊÛÇá,Renault,Clio,7500.0
11005104,Aile,AILE AV CLIO 90-98 AM G,ÈÑÊÛÇá,Renault,Clio,7500.0
10/3620,Aile,AILE AV CLIO 96 APPRET D,,Renault,Clio,6500.0
PW-RC3S2,Aile,AILE AV CLIO 98 A/APPRET D,DEGA,Renault,Clio,6500.0
PW-RC3S22,Aile,AILE AV CLIO 98 A/APPRET D D,,Renault,Clio,6500.0
PW-RC3S11,Aile,AILE AV CLIO 98 A/APPRET GG,,Renault,Clio,6500.0
11002112,Aile,AILE AV EXPRESS 92 D,,Renault,Express,7500.0
11002114,Aile,AILE AV EXPRESS 92 G,,Renault,Express,7500.0
SYCV001G-001R,Aile,AILE AV GOLF 89 JETTA 89 D APRRT CH,simyi,Volkswagen,Jetta / Golf,7500.0
SYVC001G-001L,Aile,AILE AV GOLF 89 JETTA 89 G APRRT CH,,Volkswagen,Jetta / Golf,7500.0
SYCV011G-001R,Aile,AILE AV GOLF 92 CARRE APPRET D,,Volkswagen,Golf,7500.0
SYCV011G-001L,Aile,AILE AV GOLF 92 CARRE APPRET G,,Volkswagen,Golf,7500.0
SYCV011G-001CR,Aile,AILE AV GOLF 92 ROND APPRET D,,Volkswagen,Golf,7500.0
SYCV011G-001CL,Aile,AILE AV GOLF 92 RONE APPRET G,,Volkswagen,Golf,7500.0
SYCV001G-001BR,Aile,AILE AV GOLF2 83 D,,Volkswagen,Golf 2,7200.0
SYCV001G-001BL,Aile,AILE AV GOLF2 83 G,,Volkswagen,Golf 2,7200.0
88023008080,Aile,AILE AV GOLF3 95-98 OVAL D,,Volkswagen,Golf 3,8000.0
88023009080,Aile,AILE AV GOLF3 95-98 OVAL G,,Volkswagen,Golf 3,8000.0
SYCV066G-001R,Aile,AILE AV GOLF5 03 D,,Volkswagen,Golf 5,8800.0
SYCV066G-001L,Aile,AILE AV GOLF5 03 G,,Volkswagen,Golf 5,8800.0
88025004080,Aile,AILE AV GOLF5 03-08 D,,Volkswagen,Golf 5,8800.0
88025005080,Aile,AILE AV GOLF5 03-08 G,,Volkswagen,Golf 5,8800.0
88027004080,Aile,AILE AV GOLF7 13 D,,Volkswagen,Golf 7,12800.0
88027005080,Aile,AILE AV GOLF7 13 G,,Volkswagen,Golf 7,12800.0
88028004080,Aile,AILE AV GOLF7 17-20 D,,Volkswagen,Golf 7,16000.0
88028005080,Aile,AILE AV GOLF7 17-20 G,,Volkswagen,Golf 7,16000.0
SE1102AR,Aile,AILE AV IBIZA 08 D,,SEAT,Ibiza,10500.0
SE1102AL,Aile,AILE AV IBIZA 08 G,,SEAT,Ibiza,10500.0
ST0139201A,Aile,AILE AV IBIZA 08 G,,SEAT,Ibiza,10500.0
AILOGL,Aile,AILE AV LOGAN /SANDERO 13,,Dacia,Logan / Sandero,8300.0
A473BR,Aile,AILE AV LOGAN /SANDERO 13 D A/T,,Dacia,Logan / Sandero,8500.0
A473BL,Aile,AILE AV LOGAN /SANDERO 13 G A/T,,Dacia,Logan / Sandero,8500.0
AIOLOR,Aile,AILE AV LOGAN /SANDERO 13 G A/T,,Dacia,Logan / Sandero,8500.0
64131005080,Aile,AILE AV LOGAN 05 G,,Dacia,Logan,9900.0
DC10155104A,Aile,AILE AV LOGAN/SANDERO 13 G,DEPO,Dacia,Logan / Sandero,9500.0
40720050806,Aile,AILE AV MEGANE 99 G,,Renault,Megane,13500.0
PG15-05R,Aile,AILE AV PARTNER BERLINGO 08 D,,Peugeot / Citroën,Partner / Berlingo,9000.0
PG15-05L,Aile,AILE AV PARTNER BERLINGO 08 G,,Peugeot / Citroën,Partner / Berlingo,9000.0
K10C02AR,Aile,AILE AV PICANTO 11 D,,Kia,Picanto,15500.0
K10C02AL,Aile,AILE AV PICANTO 11 G,,Kia,Picanto,15500.0
KIA-14-05R,Aile,AILE AV PICANTO POP 11 APP D,,Kia,Picanto,9800.0
KIA-14-05L,Aile,AILE AV PICANTO POP 11 APP G,,Kia,Picanto,9800.0
88507004080,Aile,AILE AV POLO 09 D,,Volkswagen,Polo,9800.0
88507005080,Aile,AILE AV POLO 09 G,,Volkswagen,Polo,9800.0
64191004080,Aile,AILE AV R19 92 D,,Renault,R19,15000.0
64191005080,Aile,AILE AV R19 92 G,,Renault,R19,15000.0
RN1088101A,Aileavr461Gtl,AILEAVR461GTL D,,,nan,6400.0
RN1088102A,Aileavr461Gtl,AILEAVR461GTL G,,,nan,6400.0
RN1082002A,Aile,AILE AV R9/R11 92 G,,Renault,R11 / R9,6500.0
00655012,Aile,AILE AV SAXO 96 D,,Citroën,Saxo,10500.0
16101004080,Aile,AILE AV SAXO 96-99 D,,Citroën,Saxo,10500.0
16102004080,Aile,AILE AV SAXO 99 D,,Citroën,Saxo,10500.0
16102005080,Aile,AILE AV SAXO 99 G,,Citroën,Saxo,10500.0
64232005080,Aile,AILE AV SCENIC 99 G,,Renault,Scenic,10500.0
SYGM039G-001R,Aile,AILE AV SPARK 05 D S/V APPRET CH,,Chevrolet,Spark,7500.0
SYGM039G-001BL,Aile,AILE AV SPARK 05 G A/V APPRET CH,,Chevrolet,Spark,7500.0
SYCM039-001L,Aile,AILE AV SPARK 05 G S/V APPRET CH,,Chevrolet,Spark,7500.0
00279012,Aile,AILE AV SYMBOL 09 D,,Renault,Symbol,12500.0
64424006080,Aile,AILE AV SYMBOL 09 G,,Renault,Symbol,12500.0
SYRN003G-001R,Aile,AILE AV SYMBOL 2013 D,,Renault,Symbol,9500.0
SYRN003G-001L,Aile,AILE AV SYMBOL 2013 G,,Renault,Symbol,9500.0
16121004080,Aile,AILE AV XSARA 97 D,,Citroën,Xsara,14500.0
16121005080,Aile,AILE AV XSARA 97 G,,Citroën,Xsara,14500.0
SYPG037G-001R,Aile,AILE AV207 06 D,simyi,,nan,7500.0
REN08ME007,Aile,AILE MEGANE 03-09 APPRET D,DEGA,Renault,Megane,6000.0
REN08ME008,Aile,AILE MEGANE 03-09 APPRET G,,Renault,Megane,5500.0
FTB792509,Malle / hayon,AM A CAPO 306,,Peugeot,306,1500.0
FTB792508,Malle / hayon,AM A CAPO 406,,Peugeot,406,1500.0
FTB713274R,Malle / hayon,AM A CAPO LOGAN SANDER,,Dacia,Logan / Sandero,1500.0
1J682755QE,Malle / hayon,AM MALE AR +AV GOLF4 +2+3,,Volkswagen,Golf 4,1300.0
8731E6/AR,Malle / hayon,AM MALE AR 206,,Peugeot,206,1300.0
1H6827550,Malle / hayon,AM MALE AR GOLF3,,Volkswagen,Golf 3,1300.0
AK682755DE,Malle / hayon,AM MALE AR GOLF5,,Volkswagen,Golf 5,1300.0
FTB7700818237,Malle / hayon,AM MALE R19 2,,Renault,R19,1500.0
FTP873186,Malle / hayon,AM MALE 106 /SAXO,,Citroën / Peugeot,Saxo / 106,1500.0
FTB873155,Malle / hayon,AM MALE 205,,Peugeot,205,1500.0
FTB873100,Malle / hayon,AM MALE 206,,Peugeot,206,1500.0
AM-208,Malle / hayon,AM MALE 208,,Peugeot,208,1850.0
FTB873193,Malle / hayon,AM MALE 306,,Peugeot,306,1500.0
AM-307,Malle / hayon,AM MALE 307,,Peugeot,307,1500.0
FTB792515,Malle / hayon,AM MALE 307,,Peugeot,307,1500.0
FTB873183,Malle / hayon,AM MALE 405,,Peugeot,405,1500.0
AM-ALTO,Malle / hayon,AM MALE ALTO,,Suzuki,Alto,2000.0
8731L7,Malle / hayon,AM MALE AR 207,,Peugeot,207,1300.0
8731Q8,Malle / hayon,AM MALE AR 308 08-13,,Peugeot,308,1300.0
873151,Malle / hayon,AM MALE AR 505,,Peugeot,505,1300.0
7700810554,Malle / hayon,AM MALE AR CLIO1997,,,nan,1300.0
1K9827550,Malle / hayon,AM MALE AR GOLF6,,Volkswagen,Golf 6,1300.0
8731E3/AR,Malle / hayon,AM MALE AR XSARA,,Citroën,Xsara,1300.0
AM-ATOS,Malle / hayon,AM MALE ATOS,,Hyundai,Atos,2000.0
792509/AV,Malle / hayon,AM MALE AV 306,,Peugeot,306,1300.0
8731E1/AR,Malle / hayon,AM MALE AV 306,,Peugeot,306,1300.0
1J0823355C/AV,Malle / hayon,AM MALE AV GOLF4,,Volkswagen,Golf 4,1300.0
SK0823359D,Malle / hayon,AM MALE AV GOLF6,,Volkswagen,Golf 6,1300.0
792513,Malle / hayon,AM MALE AV XSARA,,Citroën,Xsara,1300.0
FTB8731S1,Malle / hayon,AM MALE C3 PICASSO,,Citroën,C3,1500.0
AM-CLIO2,Malle / hayon,AM MALE CLIO 98-15,,Renault,Clio,1850.0
AM-CLIO3,Malle / hayon,AM MALE CLIO3,,Renault,Clio 3,1850.0
FTB17700303186,Malle / hayon,AM MALE KANGO,,Renault,Kangoo,1800.0
FTB904510001R,Malle / hayon,AM MALE MEGAN 3,,Renault,Megane,1800.0
FTB174571,Malle / hayon,AM MALE MEGAN SCENIC,,Renault,Megane / Scenic,1500.0
FTB8731R9,Malle / hayon,AM MALE PARTNRT ORIGIN 2008,,Peugeot,Partner,1800.0
FTB824817,Malle / hayon,AM MALE R19 CHAMADE,,Renault,R19,1500.0
FTB9807899380,Malle / hayon,AM MALLE 308 NV,,Peugeot,308,1800.0
FTB272026,Malle / hayon,AM MALLE CLIO 1,,Renault,Clio,1500.0
JX-T73-018R,Antibrouillard,ANTBER 308 2008 D,,Peugeot,308,4500.0
JX-T73-018L,Antibrouillard,ANTBER 308 2008 G,,Peugeot,308,4500.0
JX-408-HL-R,Antibrouillard,ANTBER 308 2011 D,,Peugeot,308,6300.0
JX-408-HL-L,Antibrouillard,ANTBER 308 2011 G,,Peugeot,308,6300.0
HF01-1202R,Antibrouillard,ANTBER ACCENT 00 D,,Hyundai,Accent,2000.0
HF01-1202L,Antibrouillard,ANTBER ACCENT 00 G,,Hyundai,Accent,2000.0
FH02-8002BR,Antibrouillard,ANTBER AVEO3 05 D,,,nan,2800.0
HF02-8002BL,Antibrouillard,ANTBER AVEO3 05 G,,,nan,2800.0
5KD941700,Antibrouillard,ANTBER GOLF6 D,,Volkswagen,Golf 6,2800.0
5KD941699,Antibrouillard,ANTBER GOLF6 G,,Volkswagen,Golf 6,2800.0
RS-579-007,Antibrouillard,ANTBER LOGAN 05 207,,Peugeot / Dacia,207 / Logan,1800.0
RS-579--211,Antibrouillard,ANTBER LOGAN 10,,Dacia,Logan,1800.0
RS-579-525,Antibrouillard,ANTBER LOGAN 13 SYMBOL 13,,Renault / Dacia,Symbol / Logan,1800.0
2G0941661,Antibrouillard,ANTBER POLO 2018 G,,Volkswagen,Polo,5800.0
2G0941662,Antibrouillard,ANTBER POLO 2018 R,,Volkswagen,Polo,5800.0
HF02-3302R,Antibrouillard,ANTBER SAIL 10 D,,Chevrolet,Sail,2800.0
HF02-3302L,Antibrouillard,ANTBER SAIL 10 G,,Chevrolet,Sail,2800.0
5N0853665D,Antibrouillard,ANTBER TIGUAN 2001 G,,Volkswagen,Tiguan,3500.0
5N0853666D,Antibrouillard,ANTIBER TIGUAN 2011 D,,Volkswagen,Tiguan,3500.0
FT06-0104A,Antibrouillard,ANTIBR 206 D,,Peugeot,206,2500.0
FT06-0104A2,Antibrouillard,ANTIBR 206 N/M G,,Peugeot,206,2500.0
ANT-1013,Antibrouillard,ANTIBR ACCENT GLS D,,Hyundai,Accent,2000.0
ANT-1014,Antibrouillard,ANTIBR ACCENT GLS G,,Hyundai,Accent,2000.0
ANT-1008,Antibrouillard,ANTIBR ACCENT RB 12 G,,Hyundai,Accent,4000.0
ANT-1006,Antibrouillard,ANTIBR AVEO D,,Chevrolet,Aveo,2800.0
ANT-1005,Antibrouillard,ANTIBR AVEO G,,Chevrolet,Aveo,2800.0
FT07-0404,Antibrouillard,ANTIBR CLIO 01 G,,Renault,Clio,1800.0
XF708-005B,Antibrouillard,ANTIBR DACIA LOGAN D /G,,Dacia,Logan,1900.0
445-2011R-UE,Antibrouillard,ANTIBR IBIZA 12 FR / LEON 13 FR D,DEPO,SEAT,Ibiza / Leon,8500.0
445-2011L-UE,Antibrouillard,ANTIBR IBIZA 12 FR / LEON 13 FR G,DEPO,SEAT,Ibiza / Leon,8500.0
303332,Antibrouillard,ANTIBR 206 98-05 D,AYFAR,Peugeot,206,4500.0
303333,Antibrouillard,ANTIBR 206 98-05 G,AYFAR,Peugeot,206,4500.0
XF-BZ191024,Antibrouillard,ANTIBR 207,,Peugeot,207,1750.0
FT06-1904B,Antibrouillard,ANTIBR 306 99 D,,Peugeot,306,3000.0
FT06-1904BL,Antibrouillard,ANTIBR 306 99 G,,Peugeot,306,3000.0
550-2001R-UE,Antibrouillard,ANTIBR 406 95-99 D,DEPO,Peugeot,406,5500.0
550-2001L-UE,Antibrouillard,ANTIBR 406 95-99 D,DEPO,Peugeot,406,5500.0
550-2011L-UE,Antibrouillard,ANTIBR 406 99-06 G,DEPO,Peugeot,406,8500.0
ANT-1011,Antibrouillard,ANTIBR 406 HDI D,,Peugeot,406,4800.0
FT06-1404,Antibrouillard,ANTIBR 406 HDI G,,Peugeot,406,4800.0
551--2008R-EU,Antibrouillard,ANTIBR CLIO 01 /SYMBOL 09 /MASTER 10 D,DEPO,Renault,Symbol / Clio / Master,3500.0
551-2008L-UE,Antibrouillard,ANTIBR CLIO 01 /SYMBOL 09 /MASTER 10 G,DEPO,Renault,Symbol / Clio / Master,3500.0
XF711-022,Antibrouillard,ANTIBR CLIO 01 MASTER,,Renault,Clio / Master,1500.0
XF703-022,Antibrouillard,ANTIBR CLIO 04 SYMBOL DUSTER G/D,,Renault / Dacia,Symbol / Clio / Duster,1750.0
XF712-002,Antibrouillard,ANTIBR CLIO 98 G+D,,Renault,Clio,2200.0
ANT-1010,Antibrouillard,ANTIBR GOLF 4 G+D,,Volkswagen,Golf 4,4200.0
1K0941699,Antibrouillard,ANTIBR GOLF 5+,CHINE,Volkswagen,Golf 5,3000.0
5GG941662,Antibrouillard,ANTIBR GOLF 7 D,,Volkswagen,Golf 7,4800.0
5GG941661,Antibrouillard,ANTIBR GOLF 7 G,,Volkswagen,Golf 7,4800.0
1K0941700C,Antibrouillard,ANTIBR GOLF5+,CHINE,Volkswagen,Golf 5,3000.0
697528095970,Antibrouillard,ANTIBR H100 04 D / G,,Hyundai,H-100,2800.0
ANT-1000,Antibrouillard,ANTIBR H100 14 D,,Hyundai,H-100,4500.0
ANT-1001,Antibrouillard,ANTIBR H100 14 G,,Hyundai,H-100,4500.0
6J9,Antibrouillard,ANTIBR IBIZA 2008 D,,SEAT,Ibiza,2800.0
6J9,Antibrouillard,ANTIBR IBIZA 2008 G,,SEAT,Ibiza,2800.0
6J9,Antibrouillard,ANTIBR IBIZA 2012 D,,SEAT,Ibiza,5500.0
6J9,Antibrouillard,ANTIBR IBIZA 2012 G,,SEAT,Ibiza,5500.0
3380,,,,,nan,2000.0
551-2007N-UE,,,DEPO,,nan,3500.0
FT07-4304,Antibrouillard,ANTIBR MEGAN 09-12 CLIO 12 LOGAN,,Renault / Dacia,Clio / Megane / Logan,2400.0
ANT-1021,Antibrouillard,ANTIBR MEGAN 96/CLIO 96,,Renault,Clio / Megane,2200.0
202212,Antibrouillard,ANTIBR MEGAN LAGONA 99 G,AYFAR,Renault,Megane,2500.0
ANT-1017,Antibrouillard,ANTIBR MEGANE /KANGO D,,Renault,Megane / Kangoo,2500.0
ANT-1016,Antibrouillard,ANTIBR MEGANE /KANGO G,,Renault,Megane / Kangoo,2500.0
ANT-1020,Antibrouillard,ANTIBR MEGANE 96/CLIO 96 G,,Renault,Clio / Megane,2200.0
ANT-1026,Antibrouillard,ANTIBR MEGANE 99-01 D,,Renault,Megane,2200.0
ANT-1007,Antibrouillard,ANTIBR MEGANE 99-01 D/G,,Renault,Megane,1500.0
ANT-1025,Antibrouillard,ANTIBR MEGANE 99-01 D/G,,Renault,Megane,2200.0
6R094106162F,Antibrouillard,ANTIBR POLO 10 /14 D,,Volkswagen,Polo,3800.0
6R09410161F,Antibrouillard,ANTIBR POLO 10 /14 G,,Volkswagen,Polo,3800.0
ANT-1022,Antibrouillard,ANTIBR POLO 14 G,,Volkswagen,Polo,5500.0
ANT-1023,Antibrouillard,ANTIBR POLO 14 G,,Volkswagen,Polo,5500.0
235-2009R-UE,Antibrouillard,ANTIBR SPARK 09-15 D,DEPO,Chevrolet,Spark,5500.0
235-2009L-UE,Antibrouillard,ANTIBR SPARK 09-15 G,DEPO,Chevrolet,Spark,5500.0
PG206,Armature,ARMATURE 206 A/C,,Peugeot,206,6200.0
AM207,Armature,ARMATURE 207 /208 -1.6 HD,,Peugeot,207 / 208,6500.0
6F0805588M,Armature,ARMATURE IBIZA 2018,,SEAT,Ibiza,11500.0
ARM2071.4,Armature,ARMATURE 207 1.4 ESS DVD 40-1301,,Peugeot,207,6500.0
AR307,Armature,ARMATURE 307 /308 / PARTNER 08 G CH,,Peugeot,Partner / 307 / 308,7500.0
ARCA,Armature,ARMATURE CADDY 10-15,,Volkswagen,Caddy,10500.0
ARCADY,Armature,ARMATURE CADDY 2004,,Volkswagen,Caddy,11500.0
SYRN006G-011,Armature,ARMATURE CLIO 01,,Renault,Clio,10500.0
CLIO3,Armature,ARMATURE CLIO3 05,,Renault,Clio 3,9500.0
SYRN007C-002,Armature,ARMATURE CLIO3 05,,Renault,Clio 3,9500.0
VWGOLF5,Armature,ARMATURE GOLF 5 1.9,,Volkswagen,Golf 5,9500.0
1J085588T,Armature,ARMATURE GOLF4,,Volkswagen,Golf 4,9500.0
VM023021000,Armature,ARMATURE GOLF6,,Volkswagen,Golf 6,7800.0
55G558D,Armature,ARMATURE GOLF7,,Volkswagen,Golf 7,9500.0
VW200022100,Armature,ARMATURE IBIZA 08-14,,SEAT,Ibiza,8500.0
SE003100000,Armature,ARMATURE IBIZA 08-14,,SEAT,Ibiza,11500.0
ARMKANGO,Armature,ARMATURE KANGO 08-22,,Renault,Kangoo,11500.0
5F0805588,Armature,ARMATURE LEON 2013 ESS,,SEAT,Leon,8500.0
KA001100000,Armature,ARMATURE PICANTO 08,,Kia,Picanto,15500.0
ARMPOL,Armature,ARMATURE POLO 05-09,,Volkswagen,Polo,10500.0
6R0805588E,Armature,ARMATURE POLO 10-VW05202100,SBM,Volkswagen,Polo,6800.0
00655470,Armature,ARMATURE SAXO 96,,Citroën,Saxo,6800.0
CT1521201A,Armature,ARMATURE SAXO 96-99,,Citroën,Saxo,6800.0
3576,Attrape,ATRAPPE CLIO 01,,Renault,Clio,2500.0
AIL406,Baguette,BAGUETTE AIL 406 HDI,,Peugeot,406,1300.0
P3-RSB5-2,Baguette,BAGUETTE CALENDRE SYMBOL 17 LISSE,,Renault,Symbol,6500.0
BASY,Baguette,BAGUETTE CAPOT SYMBOL 09,CHINE,Renault,Symbol,3500.0
BAG-500,Baguette,BAGUETTE DE PORTE 406 HDI,,Peugeot,406,5900.0
P2H-DA-SANP32,Baguette,BAGUETTE EXT AR DUSTER/ SAN STEPWAY 13 COURT D,,Dacia,Duster / Sandero Stepway,2800.0
P2H-DA-SANP31,Baguette,BAGUETTE EXT AR DUSTER/ SAN STEPWAY 13 COURT G,,Dacia,Duster / Sandero Stepway,2800.0
PH-DA-SANP33,Baguette,BAGUETTE EXT AR DUSTER/ SAN STEPWAY 13 COURT G,,Dacia,Duster / Sandero Stepway,5500.0
P2H-DA-SANP33,Baguette,BAGUETTE EXT AR DUSTER/ SAN STEPWAY 13-19 LONG,,Dacia,Duster / Sandero Stepway,6200.0
P2H-DA-SANP34,Baguette,BAGUETTE EXT AR DUSTER/ SAN STEPWAY 13-19 LONG,,Dacia,Duster / Sandero Stepway,6200.0
PH-DA-SANP34,Baguette,BAGUETTE EXT AV SANDERO STEPWAY 13-19 LONG D,,Dacia,Sandero Stepway / Sandero,5000.0
8200752789,Baguette,BAGUETTE LOGAN 09-12 CHOROME AAR,,Dacia,Logan,4800.0
BUGLO,Baguette,BAGUETTE LOGAN 09-12 CHOROME AV,,Dacia,Logan,4500.0
RN9447/48,Baguette,BAGUETTE PAREBEISE KANGO3 TURQUE TR JEU,,,nan,3500.0
RNM,Baguette,BAGUETTE PAREBEISE MASTER3 TURQUE TR JEU,,,nan,3500.0
BAG406,Baguette,BAGUETTE PCHOC 406 HDI,,Peugeot,406,1800.0
PF-DA-SANP3,Baguette,BAGUETTE PCHOC AV SANDERO STEPWAY 13 CENG,,Dacia,Sandero Stepway / Sandero,4800.0
P1-DA-SANP3BS,Baguette,BAGUETTE PCHOC AV SANDERO STEPWAY 13 CHROME,,Dacia,Sandero Stepway / Sandero,5200.0
P1-DA-SANP4B,Baguette,BAGUETTE PCHOC AV SANDERO STEPWAY 17 GRIS,,Dacia,Sandero Stepway / Sandero,4800.0
PF-R07W,Baguette,BAGUETTE PCHOC AV SCENIC 09-12,,Renault,Scenic,3500.0
PF-R08W,Baguette,BAGUETTE PCHOC AV SCENIC 12-14,,Renault,Scenic,4500.0
P3-R08W-1,Baguette,BAGUETTE PCHOC AV SCENIC 12-14 CHROME,,Renault,Scenic,6200.0
1373304265,Baguette,BAGUETTE PCHOC STYPWAY CHROME,car life,,nan,3500.0
PH--DA-DUS11/12,Baguette,BAGUETTE PCHOC+AILE AV DUSTER 10-14 COURT JEUX,,Dacia,Duster,5200.0
7452,Baguette,BAGUETTE PHARE PARTNER BERLINGO 08-12 G,,Peugeot / Citroën,Partner / Berlingo,1800.0
BAGPAR,Baguette,BAGUETTE PHARE PARTNER 96-00 G+D,SBM,Peugeot,Partner,1200.0
BAG-5010,Baguette,BAGUETTE PHARE PARTNER 96-00 G+D,,Peugeot,Partner,700.0
BAG40,Baguette,BAGUETTE PORTE 406 HDI,,Peugeot,406,5800.0
3738,Baguette,BAGUETTE PORTE AR KANGOO 03-11 D,,Renault,Kangoo,2000.0
3739,Baguette,BAGUETTE PORTE AR KANGOO 03-11G,,Renault,Kangoo,2000.0
MR0830,Baguette,BAGUETTE PORTE AR KANGOO 98 G,,Renault,Kangoo,2200.0
2297,Baguette,BAGUETTE PORTE AR LOGAN 05 D/G,,Dacia,Logan,2000.0
4282,Baguette,BAGUETTE PORTE AR PARTNER 06 D,,Peugeot,Partner,1900.0
4283,Baguette,BAGUETTE PORTE AR PARTNER 06 G,,Peugeot,Partner,1800.0
4274,Baguette,BAGUETTE PORTE AR PARTNER 96 D,,Peugeot,Partner,1300.0
4275,Baguette,BAGUETTE PORTE AR PARTNER 96 G,,Peugeot,Partner,1800.0
MR0812,Baguette,BAGUETTE PORTE AR R19 92 D,,Renault,R19,1000.0
MR0813,Baguette,BAGUETTE PORTE AR R19 92 G,,Renault,R19,1000.0
MP0844,Baguette,BAGUETTE PORTE AR 206 98 2P D,,Peugeot,206,1000.0
MP0845,Baguette,BAGUETTE PORTE AR 206 98 2P G,,Peugeot,206,1000.0
MP4042,Baguette,BAGUETTE PORTE AR 307 01 D APRI,,Peugeot,307,1500.0
MP4043,Baguette,BAGUETTE PORTE AR 307 01 G APRI,,Peugeot,307,1500.0
3542,Baguette,BAGUETTE PORTE AR CLIO CAMPUS 06-08 D,,Renault,Clio,1900.0
3543,Baguette,BAGUETTE PORTE AR CLIO CAMPUS 06-08 G,,Renault,Clio,1400.0
PX-DA--LGW-RL/R,Baguette,BAGUETTE PORTE AR SYMBOL 17 JEUX,,Renault,Symbol,6300.0
MP0443,Baguette,BAGUETTE PORTE AV 206 98 2P D,,Peugeot,206,1500.0
MP0442,Baguette,BAGUETTE PORTE AV 206 98 2P G,,Peugeot,206,1500.0
MP0437,Baguette,BAGUETTE PORTE AV 206 98 4P D,,Peugeot,206,1500.0
MP0438,Baguette,BAGUETTE PORTE AV 206 98 4P G,,Peugeot,206,1500.0
MP4040,Baguette,BAGUETTE PORTE AV 307 01 D,,Peugeot,307,1500.0
MP4041,Baguette,BAGUETTE PORTE AV 307 01 G,,Peugeot,307,1500.0
BANCL,Bandeau,BANDAUX AR CLIO JAPO,,Renault,Clio,4500.0
BANR19,Bandeau,BANDAUX R19 CHAMAD,,Renault,R19,7800.0
UPE04-2030,Bande,BANDE PARCHOC 207 06 D TW,,Peugeot,207,1800.0
FT06-1407-01,Bande,BANDE PARCHOC 406 HDI D,,Peugeot,406,2000.0
FT06-1407-01L,Bande,BANDE PARCHOC 406 HDI G,,Peugeot,406,2000.0
7452ZS,Bande,BANDE PARCHOC AV 207,,Peugeot,207,2100.0
KT-206,Berceau,BERCEAU 206 ESS,,Peugeot,206,10200.0
KT-LN-001,Berceau,BERCEAU CLIO2 KANGO 98 SYMBOL 09,,Renault,Clio 2 / Symbol / Kangoo,25000.0
KT-LN-004,Berceau,BERCEAU LOGANE 05,,Dacia,Logan,19500.0
KT-LN-025,Berceau,BERCEAU LOGANE/SYMBOL 2013,,Renault / Dacia,Symbol / Logan,19500.0
REN09CLO76,Bande / enjoliveur,BNDE CALANDRE SYMBOL 17,DEGA,Renault,Symbol,4200.0
BOU-R,Bouchon,BOUCHON D LUILE EXP R11-R19-R9-R21,,Renault,R21 / R19 / R11 / R9,850.0
BOU-K,Bouchon,BOUCHON D LUILE KANGO,,Renault,Kangoo,1050.0
2986,Bouchon,BOUCHON VASE D EAU KANGO 98/MEGANE /R11 /R19/R21,,Renault,Megane / Kangoo / R21 / R19 / R11,500.0
4298,Bouchon,BOUCHON VASE D EAU PEUGEOT,,Peugeot,,800.0
1TO,Cache,CACE ANTI CADDY 2010 A/ANT G,,Volkswagen,Caddy,3000.0
6Q0,Cache,CACH ANTI POLO 05 A/ANTI G,,Volkswagen,Polo,1500.0
CAHPAR,Cache,CACHE ANTI BROULAR PARTNER BERLINGO 15-19- G+D,,Peugeot / Citroën,Partner / Berlingo,4000.0
207-*08-D,Cache,CACHE ANTI BROULARE 207 SPORTE 08 CHROME D,,Peugeot,207,4000.0
207-08-L,Cache,CACHE ANTI BROULARE 207 SPORTE 08 CHROME G,,Peugeot,207,4000.0
1K3666,Cache,CACHE ANTI BROULARE GOLF5 JETTA 05-10 A/CHRO D,,Volkswagen,Golf 5 / Jetta,3200.0
1K3665,Cache,CACHE ANTI BROULARE GOLF5 JETTA 05-10 A/CHRO G,,Volkswagen,Golf 5 / Jetta,3200.0
CH-PL-14D,Cache,CACHE ANTI BROULARE POLO 14 D,,Volkswagen,Polo,2500.0
CH-PL-14G,Cache,CACHE ANTI BROULARE POLO 14 G,,Volkswagen,Polo,2500.0
261A,Cache,CACHE ANTI BROULARE SYMBOL 19 COMPLET-D,SBM,Renault,Symbol,3000.0
261A38260R,Cache,CACHE ANTI BROULARE SYMBOL 19 COMPLET-G,SBM,Renault,Symbol,3000.0
1TO,Cache,CACHE ANTI CADDY 2010 A/ANT D,,Volkswagen,Caddy,3000.0
2K5,Cache,CACHE ANTI CADDY 2010 S/ANT D,,Volkswagen,Caddy,2500.0
2K5,Cache,CACHE ANTI CADDY 2010 S/ANT G,,Volkswagen,Caddy,2500.0
161060-161061,Cache,CACHE ANTI FLUENCE 2010 G+D,ROOT,Renault,Fluence,6000.0
CAHIB,Cache,CACHE ANTI IBIZA 12 G+D JEU,,SEAT,Ibiza,3000.0
P1-DA-LG26-YT2,Cache,CACHE ANTI LOGAN 09 D,,Dacia,Logan,1200.0
P1-DA-LG26-YT1,Cache,CACHE ANTI LOGAN 09 G,,Dacia,Logan,1200.0
CAHPARTN,Cache,CACHE ANTI PARTNER/BERLINGO 15 -19 A/T JEUX G,,Peugeot / Citroën,Partner / Berlingo,2000.0
P1-PT15-YT5,Cache,CACHE ANTI PARTNER/BERLINGO 15 JEUX S/T G,,Peugeot / Citroën,Partner / Berlingo,4500.0
6Q,Cache,CACHE ANTI POLO 05 A/ANT D,,Volkswagen,Polo,1500.0
FTB80022300RR,Cache,CACHE ANTI SANDERE STEPWAY 2012,,Dacia,Sandero Stepway,2300.0
P1-RSB5-YT62,Cache,CACHE ANTI SYMBOL 17 A/T D,,Renault,Symbol,2000.0
P1-RSB5-YT61,Cache,CACHE ANTI SYMBOL 17 A/T G,,Renault,Symbol,2000.0
P3-30813B-2C,Cache,CACHE CALENDRE 308 13 ALLURE JEUX,,Peugeot,308,5500.0
P3-DA-LG1-2,Cache,CACHE CALENDRE LOGAN 05 INF,,Dacia,Logan,2000.0
PU-30813BL,Cache,CACHE GRILLE 308 13 ALLURE,,Peugeot,308,3500.0
WOS08GO050,Cache,CACHE MOTER GLOF4 98 D,,Volkswagen,Golf 4,1500.0
WOS08GO51,Cache,CACHE MOTER GLOF4 98 G,,Volkswagen,Golf 4,1500.0
1K0825237J,Cache,CACHE MOTER GLOF5 03-09 DIESSEL,,Volkswagen,Golf 5,5900.0
SPL905,Cache,CACHE MOTER GOLF7,,Volkswagen,Golf 7,6500.0
CAHPAR,Cache,CACHE MOTER PARTNER 08 A/ALLUMINIUM C,,Peugeot,Partner,6500.0
6Q0,Cache,CACHE MOTER POLO 10 IBIZA 10 1.4 ESS,,Volkswagen / SEAT,Polo / Ibiza,2800.0
P1-30813-BB,Cache,CACHE PCHOC AV 308 13,,Peugeot,308,7900.0
P1-RSB2B,Cache,CACHE PCHOC AV CLIO 01 SYMBOL 09 CAMPUS 06,,Renault,Symbol / Clio,4500.0
P1-R08WB,Cache,CACHE PCHOC AV SCENIC 12-14,,Renault,Scenic,5900.0
CAHGOL,Cache,CACHE POSSER GOLF7,,Volkswagen,Golf 7,3200.0
SOD927B,Cache,CACHE POUSSER EXPRESSE,,,nan,1750.0
CAPLO,Cache,CACHE POUSSER POLO G+D,,Volkswagen,Polo,2500.0
CH301D,Cache,CACHE POUSSER AR 301 D,,Peugeot,301,4000.0
CH301G,Cache,CACHE POUSSER AR 301 G,,Peugeot,301,4000.0
7700433130,Cache,CACHE POUSSER CLIO DEBZA D,,Renault,Clio,1500.0
7700433131,Cache,CACHE POUSSER CLIO DEBZA G,,Renault,Clio,1500.0
6F08911/912R,Cache,CACHE POUSSER IBIZA 18 D,,SEAT,Ibiza,4500.0
6F08911/912L,Cache,CACHE POUSSER IBIZA 18 G,,SEAT,Ibiza,4500.0
SOD092B,Cache,CACHE POUSSER SAXO 106 G,,Citroën / Peugeot,Saxo / 106,2500.0
REN15CL027,Cache,CACHE POUSSIER AR LOGAN 13 SYMBOL 13 D,,Renault / Dacia,Symbol / Logan,2800.0
REN15CL028,Cache,CACHE POUSSIER AR LOGAN 13 SYMBOL 13 G,,Renault / Dacia,Symbol / Logan,2800.0
WOS15GO010,Cache,CACHE POUSSIER GOLF 08 /GOLF5 G,DEGA,Volkswagen,Golf 5 / Golf,2500.0
WOS15GO009,Cache,CACHE POUSSIER GOLF 08 D,DEGA,Volkswagen,Golf,2500.0
SOD092A,Cache,CACHE POUSSIER SAXO 106 D,,Citroën / Peugeot,Saxo / 106,2500.0
PEJ15380010,Cache,CACHE POUSSIER 308 D,,Peugeot,308,3200.0
PEJ1538002,Cache,CACHE POUSSIER 308 G,,Peugeot,308,3200.0
PG110040101,Cache,CACHE POUSSIER AR 207 06-09 G,,Peugeot,207,2200.0
PG11022AL,Cache,CACHE POUSSIER AR 406 99 G,,Peugeot,406,2500.0
TY11305AR,Cache,CACHE POUSSIER AR YARIS SED 07-13 D,,Toyota,Yaris,2300.0
TY11305AL,Cache,CACHE POUSSIER AR YARIS SED 07-13 G,,Toyota,Yaris,2300.0
PRJ1526001,Cache,CACHE POUSSIER AV 206 98 D,,Peugeot,206,2200.0
PEJ1526002,Cache,CACHE POUSSIER AV 206 98 G,,Peugeot,206,2200.0
PEJ1527002,Cache,CACHE POUSSIER AV 207 06-13 G,,Peugeot,207,3000.0
PREJ1527001,Cache,CACHE POUSSIER AV 207 0613 D,,Peugeot,207,3000.0
PEJ1528002,Cache,CACHE POUSSIER AV 208 12-15 G,,Peugeot,208,3000.0
208-12451,Cache,CACHE POUSSIER AV 208 12-15 G,,Peugeot,208,2800.0
PE1528001,Cache,CACHE POUSSIER AV 208 12-15 D,,Peugeot,208,3000.0
PEJ1531002,Cache,CACHE POUSSIER AV 301/C-ELYSEE 11 G,DEGA,Citroën / Peugeot,C-Elysée / 301,2800.0
PEJ1531001,Cache,CACHE POUSSIER AV 301/C-ELYSEE 11D,DEGA,Citroën / Peugeot,C-Elysée / 301,2800.0
PEJ1537001,Cache,CACHE POUSSIER AV 307 01 D,DEGA,Peugeot,307,2500.0
PEJ1537002,Cache,CACHE POUSSIER AV 307 01 G,DEGA,Peugeot,307,2500.0
PEJ1546001,Cache,CACHE POUSSIER AV 406 96-04 D,DEGA,Peugeot,406,2800.0
PEJ1546002,Cache,CACHE POUSSIER AV 406 99 G,DEGA,Peugeot,406,2600.0
HUN15AC005,Cache,CACHE POUSSIER AV ACCENT 00 D,DEGA,Hyundai,Accent,2500.0
HUN15AC006,Cache,CACHE POUSSIER AV ACCENT 00 G,DEGA,Hyundai,Accent,2800.0
HUN15AC012,Cache,CACHE POUSSIER AV ACCENT 12-18 G,,Hyundai,Accent,1500.0
REN15CL005,Cache,CACHE POUSSIER AV CLIO 01 D,DEGA,Renault,Clio,2500.0
REN15CL006,Cache,CACHE POUSSIER AV CLIO 01 G,DEGA,Renault,Clio,2500.0
8101,Cache,CACHE POUSSIER AV CLIO 12 G,,Renault,Clio,2500.0
REN15CL015,Cache,CACHE POUSSIER AV CLIO3 05-11 D,DEGA,Renault,Clio 3,2500.0
REN15CL016,Cache,CACHE POUSSIER AV CLIO3 05-11 G,DEGA,Renault,Clio 3,2500.0
TOY15CO014,Cache,CACHE POUSSIER AV COROLLA 08-10 D,DEGA,Toyota,Corolla,2600.0
TOY15CO013,Cache,CACHE POUSSIER AV COROLLA 08-13 G,DEGA,Toyota,Corolla,2500.0
FIA1550002,Cache,CACHE POUSSIER AV FIAT 500 G,,Fiat,500,2800.0
FIA15EG001,Cache,CACHE POUSSIER AV FIAT TIPO 20-25 D,DEGA,Fiat,Tipo,4500.0
FIA15EG002,Cache,CACHE POUSSIER AV FIAT TIPO 20-25 G,DEGA,Fiat,Tipo,4500.0
VG124040101,Cache,CACHE POUSSIER AV GOLF7 2013-17G PARTIE/AV,,Volkswagen,Golf 7,3000.0
HN021040102,Cache,CACHE POUSSIER AV I10 11 D,,Hyundai,i10,2800.0
HN021040101,Cache,CACHE POUSSIER AV I10 11 G,,Hyundai,i10,2800.0
SEA15IB005,Cache,CACHE POUSSIER AV IBIZA 08 D,,SEAT,Ibiza,2800.0
SEA15IB006,Cache,CACHE POUSSIER AV IBIZA 08 G,DEGA,SEAT,Ibiza,2800.0
REN15KA009,Cache,CACHE POUSSIER AV KANGOO 08 D,,Renault,Kangoo,2500.0
REN15KA010,Cache,CACHE POUSSIER AV KANGOO 08 G,DEGA,Renault,Kangoo,2500.0
REN15KA002,Cache,CACHE POUSSIER AV KANGOO 98 G,,Renault,Kangoo,1600.0
SE103004102,Cache,CACHE POUSSIER AV LEON 13 PARTIE AV D,,SEAT,Leon,3200.0
SE103040101,Cache,CACHE POUSSIER AV LEON 13 PARTIE AV G,,SEAT,Leon,3200.0
DAC15LO001,Cache,CACHE POUSSIER AV LOGAN 05 D,DEGA,Dacia,Logan,2500.0
DAC15L002,Cache,CACHE POUSSIER AV LOGAN 05 G,DEGA,Dacia,Logan,2500.0
8106,Cache,CACHE POUSSIER AV LOGAN SYMBOL 13 G,,Renault / Dacia,Symbol / Logan,2500.0
48106,Cache,CACHE POUSSIER AV LOGAN/SYMBOL 13 D,,Dacia / Renault,Logan / Symbol,2500.0
REN15ME006,Cache,CACHE POUSSIER AV MEGANE 02 G,,Renault,Megane,2200.0
REN15ME002,Cache,CACHE POUSSIER AV MEGANE 95 G,DEGA,Renault,Megane,2200.0
KA11027AR,Cache,CACHE POUSSIER AV PICANTO 08-10 D,,Kia,Picanto,2200.0
KA11027AL,Cache,CACHE POUSSIER AV PICANTO 08-10 G,,Kia,Picanto,2200.0
DAC15SA001,Cache,CACHE POUSSIER AV SANDERO 09 D,DEGA,Dacia,Sandero,2800.0
DAC15SA002,Cache,CACHE POUSSIER AV SANDERO 09 G,,Dacia,Sandero,2800.0
REN15CL013,Cache,CACHE POUSSIER AV SYMBOL 09 D,,Renault,Symbol,2800.0
REN15CL014,Cache,CACHE POUSSIER AV SYMBOL 09 G,,Renault,Symbol,2800.0
PEJ15PR003,Cache,CACHE POUSSIER BERLINGO PARTNER 03 D,DEGA,Peugeot / Citroën,Partner / Berlingo,2800.0
PEJ15PR004,Cache,CACHE POUSSIER BERLINGO PARTNER 03 G,DEGA,Peugeot / Citroën,Partner / Berlingo,2750.0
FIA15FI001,Cache,CACHE POUSSIER BIPPER NEMO 08 D,DEGA,Peugeot / Citroën,Bipper / Nemo,3200.0
FIA15FI002,Cache,CACHE POUSSIER BIPPER NEMO 08 G,DEGA,Peugeot / Citroën,Bipper / Nemo,3200.0
FIA15DU005,Cache,CACHE POUSSIER BOXER 06-13 D,DEGA,Peugeot,Boxer,2500.0
FIA15DU006,Cache,CACHE POUSSIER BOXER 06-13 G,DEGA,Peugeot,Boxer,2500.0
CIT15C3001,Cache,CACHE POUSSIER C3 05 D,DEGA,Citroën,C3,2500.0
CIT15C3002,Cache,CACHE POUSSIER C3 05 G,,Citroën,C3,2500.0
WOS15CD003,Cache,CACHE POUSSIER CADDY 04-14,DEGA,Volkswagen,Caddy,2500.0
WOS15CD004,Cache,CACHE POUSSIER CADDY 04-14,DEGA,Volkswagen,Caddy,2500.0
8104,Cache,CACHE POUSSIER CLIO 4 12 D,DEGA,Renault,Clio 4,2500.0
8105,Cache,CACHE POUSSIER CLIO 4 12 D,DEGA,Renault,Clio 4,2500.0
DAC15DU001,Cache,CACHE POUSSIER DUSTER 10 D,DEGA,Dacia,Duster,2500.0
DAC15DU002,Cache,CACHE POUSSIER DUSTER 10 D,DEGA,Dacia,Duster,2500.0
SD001040102,Cache,CACHE POUSSIER FABIA 07-14 D,,Škoda,Fabia,4200.0
SD001040101,Cache,CACHE POUSSIER FABIA 07-14 G,,Škoda,Fabia,4500.0
REN15FL003,Cache,CACHE POUSSIER FLUENCE MEGANE3 09,DEGA,Renault,Megane 3 / Fluence,2500.0
WO15GO001,Cache,CACHE POUSSIER GOLF 98 D,DEGA,Volkswagen,Golf,2800.0
WOS15GO002,Cache,CACHE POUSSIER GOLF 98 G,DEGA,Volkswagen,Golf,2700.0
WOS15GO003,Cache,CACHE POUSSIER GOLF5-6 PARTIE AVANT D,DEGA,Volkswagen,Golf 5 / Golf 6,2500.0
WOS15GO004,Cache,CACHE POUSSIER GOLF5-6 PARTIE AVANT G,DEGA,Volkswagen,Golf 5 / Golf 6,2500.0
REN15KA003,Cache,CACHE POUSSIER KANGO 98-07 PARTIE ARRIER D,DEGA,Renault,Kangoo,2200.0
REN15KA004,Cache,CACHE POUSSIER KANGO 98-07 PARTIE ARRIER G,DEGA,Renault,Kangoo,2200.0
REN15KA001,Cache,CACHE POUSSIER KANGO 98-07 PARTIE AVANT D,DEGA,Renault,Kangoo,1500.0
REN15K0002,Cache,CACHE POUSSIER KANGO 98-07 PARTIE AVANT G,DEGA,Renault,Kangoo,1500.0
REN15CL025,Cache,CACHE POUSSIER LOGAN SANDERO 13 D,DEGA,Dacia,Logan / Sandero,2500.0
REB15CL026,Cache,CACHE POUSSIER LOGAN SANDERO 13 G,DEGA,Dacia,Logan / Sandero,2500.0
REN15ME007,Cache,CACHE POUSSIER MEGANE 03-09 ARRIER D,DEGA,Renault,Megane,2500.0
REN15ME008,Cache,CACHE POUSSIER MEGANE 03-09 ARRIER D,DEGA,Renault,Megane,2500.0
REN15ME001,Cache,CACHE POUSSIER MEGANE 95 D,DEGA,Renault,Megane,2200.0
REN15ME005,Cache,CACHE POUSSIER MEGANE PARTIE AVANT 02 D,DEGA,Renault,Megane,2200.0
REN15ME0006,Cache,CACHE POUSSIER MEGANE PARTIE AVANT 02 G,DEGA,Renault,Megane,2200.0
PEJ15PR009,Cache,CACHE POUSSIER PARTNER 08/BERLINGO 08-D,DEGA,Peugeot / Citroën,Partner / Berlingo,2800.0
PEJ15PR010,Cache,CACHE POUSSIER PARTNER 08/BERLINGO 08-G,DEGA,Peugeot / Citroën,Partner / Berlingo,2800.0
WOS15PO007,Cache,CACHE POUSSIER POLO 09 D,DEGA,Volkswagen,Polo,2800.0
WOS15PO008,Cache,CACHE POUSSIER POLO 09 G,DEGA,Volkswagen,Polo,2800.0
DAC1519003,Cache,CACHE POUSSIER R19 92 D,DEGA,Renault,R19,1800.0
WOS1519003,Cache,CACHE POUSSIER R19 92 D,DEGA,Renault,R19,1800.0
TOY15YA003,Cache,CACHE POUSSIER YARIS 06-11 D,DEGA,Toyota,Yaris,2500.0
26,Cache,CACHE POUSSIER YARIS 06-11 G,DEGA,Toyota,Yaris,2500.0
REN15FL002,Cache,CACHE POUSSIRE MEGAN3 09+,,,nan,2500.0
763849,Cache,CACHETTE PORTE ARR EXPERT,,Peugeot,Expert,1500.0
P3-20812-1C,Cadre,CADRE CALENDRE 208 12 CHROME,,Peugeot,208,5500.0
P3-20815-1C,Cadre,CADRE CALENDRE 208 15 CHROME,,Peugeot,208,7500.0
P3-30117-1C,Cadre,CADRE CALENDRE 301 17 CHROM,,Peugeot,301,8500.0
P3-30813B-1C,Cadre,CADRE CALENDRE 308 13 ALLURE CHROME,,Peugeot,308,9500.0
6R0959455C,Ventilateur,CAG VENTIL POLO 09 IBIZA FABIA,SBM,Volkswagen / SEAT / Škoda,Polo / Ibiza / Fabia,3500.0
FTB,Ventilateur,CAG VENTIL SYMBOL LOGAN STEPWAY 13 CLIO4,,Renault / Dacia,Clio 4 / Symbol / Logan / Sandero Stepway,3200.0
FTB,Ventilateur,CAG VENTILATEUR 406,,Peugeot,406,7500.0
1KO,,,,,nan,4500.0
CL-206-RN2,Calandre,CALANDER 206 NOIRE,,Peugeot,206,4000.0
CAL301-13,Calandre,CALANDER 301 12 CH COMPLET,,Peugeot,301,6500.0
7804.99,Calandre,CALANDER 405 APRS,SBM,Peugeot,405,3000.0
780499,Calandre,CALANDER 405 BLANC,SBM,Peugeot,405,3500.0
F01-1206,Calandre,CALANDER ACCENT2 00 N/MCHROM,,,nan,4500.0
CAALTO,Calandre,CALANDER ALTO,,Suzuki,Alto,2500.0
8006D,Calandre,CALANDER AVEO 3,,Chevrolet,Aveo,4500.0
8200638050,Calandre,CALANDER CLIO 06-08,,Renault,Clio,3500.0
CLCLI3,Calandre,CALANDER CLIO3 05-09 SUP AUTO,,Renault,Clio 3,2500.0
5K08533651,Calandre,CALANDER GOLF6 CH,,Volkswagen,Golf 6,7500.0
5K0,Calandre,CALANDER GOLF6 GTI,,Volkswagen,Golf 6,9700.0
5K0853651,Calandre,CALANDER GOLF6 GTI,,Volkswagen,Golf 6,8500.0
5G08536553C,Calandre,CALANDER GOLF7 13+,,Volkswagen,Golf 7,8800.0
3606,Calandre,CALANDER GRAN I10 2014,,Hyundai,i10,3500.0
CALIBI,Calandre,CALANDER IBIZA 12,,SEAT,Ibiza,7500.0
6Q0,Calandre,CALANDER POLO 05,,Volkswagen,Polo,4500.0
6R0853615,Calandre,CALANDER POLO 2009 CHROMI,,Volkswagen,Polo,5500.0
HF02-3306,Calandre,CALANDER SAIL,,Chevrolet,Sail,4000.0
CALSAN,Calandre,CALANDER STEPWAY 2016-2022 SANDERO,,Dacia,Sandero / Sandero Stepway,7500.0
CALSY09,Calandre,CALANDER SYMBOL 09,SBM,Renault,Symbol,3200.0
5N01JB9,Calandre,CALANDER TIGUAN 12,,Volkswagen,Tiguan,13500.0
CALTIP,Calandre,CALANDER TIPO,,Fiat,Tipo,4500.0
0,Calandre,CALANDRE 205,,Peugeot,205,4000.0
PP0436,Calandre,CALANDRE 206 GRISE,,Peugeot,206,3200.0
P3-20812A,Calandre,CALANDRE 208 12 ACTIVE,,Peugeot,208,7200.0
82000638050,Calandre,CALANDRE 208 12 COMPLET,SBM,Peugeot,208,6800.0
P3-20815B,Calandre,CALANDRE 208 15 ALLURE,,Peugeot,208,12500.0
PG060011100,Calandre,CALANDRE 301,Guc,Peugeot,301,3000.0
PG07057GA,Calandre,CALANDRE 301 12,,Peugeot,301,3500.0
4354,Calandre,CALANDRE 301 12 CHROME,,Peugeot,301,10500.0
P3-30813A,Calandre,CALANDRE 308 13 ACTIV APRET,,Peugeot,308,8800.0
P3-30813B,Calandre,CALANDRE 308 ALLURE 13,,Peugeot,308,8800.0
2,Calandre,CALANDRE 406 HDI,,Peugeot,406,4200.0
FT04-1411,Calandre,CALANDRE 406 HDI,,Peugeot,406,3800.0
CALCADDY,Calandre,CALANDRE CADDY 11-15 CHROM,,Volkswagen,Caddy,13500.0
AH0721-002,Calandre,CALANDRE CAMPUS 09-12,SBM,,nan,3500.0
P3-RCM1,Calandre,CALANDRE CAMPUS 14 NOR,,,nan,6800.0
REN09CL007,Calandre,CALANDRE CLIO 01,,Renault,Clio,3700.0
3520,Calandre,CALANDRE CLIO 01,,Renault,Clio,3500.0
REN09CL007,Calandre,CALANDRE CLIO 01,DEGA,Renault,Clio,2500.0
8200445993,Calandre,CALANDRE CLIO 04-05,,Renault,Clio,3200.0
REN09CL004,Calandre,CALANDRE CLIO 98,,Renault,Clio,4000.0
P3-RCP1,Calandre,CALANDRE CLIO CAMPUS 09,,Renault,Clio,6200.0
8200748240,Calandre,CALANDRE DACIA LOGAN 09-12,SBM,Dacia,Logan,3000.0
P3-DA-DUS1,Calandre,CALANDRE DUSTER 10 NOIR,,Dacia,Duster,6700.0
7804N8,Calandre,CALANDRE EXPERT 07,,Peugeot,Expert,7500.0
7701367871,Calandre,CALANDRE EXPRESS 3 BLANC,SBM,Renault,Express,4500.0
P3-RE1,Calandre,CALANDRE EXPRESS 58-91,,Renault,Express,5200.0
P3-RE2,Calandre,CALANDRE EXPRESS 92,,Renault,Express,5800.0
CALGOL2,Calandre,CALANDRE GOLF2,,Volkswagen,Golf 2,2500.0
PW0125,Calandre,CALANDRE GOLF3,,Volkswagen,Golf 3,4000.0
REN09CL075,Calandre,CALANDRE INFETEUR SYMBOL 17 DG,,Renault,Symbol,5000.0
REN09KA006,Calandre,CALANDRE KANGO 03 -07,DEGA,Renault,Kangoo,2500.0
3780,Calandre,CALANDRE KANGOO 08,,Renault,Kangoo,4500.0
P3--DA,Calandre,CALANDRE LOGAN /MCV/SANDERO 13,,Dacia,Logan / Sandero,4500.0
P3-DA-LG2,Calandre,CALANDRE LOGAN 09 NOIR,,Dacia,Logan,3500.0
XF705-003D,Calandre,CALANDRE LOGAN 12,,Dacia,Logan,3800.0
623103971R,Calandre,CALANDRE LOGAN 14,SBM,Dacia,Logan,3200.0
DAC09LO031,Calandre,CALANDRE LOGAN SANDDERO 13,DEGA,Dacia,Logan,4200.0
3340,Calandre,CALANDRE MEGANE 02-05 G,,Renault,Megane,1500.0
REN09ME001,Calandre,CALANDRE MEGANE 95 D,DEGA,Renault,Megane,2200.0
REN09ME001,Calandre,CALANDRE MEGANE 95 D,,Renault,Megane,2000.0
EREN09ME002,Calandre,CALANDRE MEGANE 95 G,DEGA,Renault,Megane,2200.0
REN09ME002,Calandre,CALANDRE MEGANE 95 G,,Renault,Megane,2000.0
PR0867,Calandre,CALANDRE MEGANE 99 D CHROME,,Renault,Megane,2000.0
P3-R06W,Calandre,CALANDRE MEGANE SCENIC 2006 JEUX,,Renault,Megane / Scenic,7700.0
PP0459,Calandre,CALANDRE PARTNER 97,,Peugeot,Partner,4200.0
REN0912003,Calandre,CALANDRE R12 87 2PH G,,Renault,R12,900.0
P3-R22,Calandre,CALANDRE R12 90,,Renault,R12,1800.0
LR0729PEX,Calandre,CALANDRE R19 92 BLANCHE,,Renault,R19,3600.0
LR0729PEXAD,Calandre,CALANDRE R19 92 GRIS,,Renault,R19,3700.0
P3-DA-SAN,Calandre,CALANDRE SANDERO 09 NOIR,,Dacia,Sandero,3000.0
RS-579-705,Calandre,CALANDRE SANDURO-STEPWAY 2017,,Dacia,Sandero Stepway,6800.0
XF920-007,Calandre,CALANDRE STYPWAY SNDERO 17,,,nan,9000.0
REN09CL015,Calandre,CALANDRE SYMBOL 09,,Renault,Symbol,4200.0
3584,Calandre,CALANDRE SYMBOL 09,,Renault,Symbol,4500.0
3626,Calandre,CALANDRE SYMBOL 13,,Renault,Symbol,4500.0
REN09CL035,Calandre,CALANDRE SYMBOL 13,,Renault,Symbol,4500.0
PR4777,Calandre,CALANDRE SYMBOL 13 A/CHROM,,Renault,Symbol,4800.0
AH-0719-001,Calandre,CALANDRE SYMBOL 17 VIDE,,Renault,Symbol,4500.0
623105875R,Calandre,CALANDRE SYMBOL 19 COMPLET,SBM,Renault,Symbol,8500.0
REN09CL015,Calandre,CALANDRE SYMBOLE 09,DEGA,Renault,Symbol,3500.0
P3-RTF3,Calandre,CALANDRE TRAFIC 14 EXT,,Renault,Trafic,8800.0
JX-D-060,Calandre,CALENDER BERLINGO 12/15 LED,,Citroën,Berlingo,8700.0
CALBER,Calandre,CALENDER BERLINGO 2015 COMPLET,CHINE,Citroën,Berlingo,12500.0
REN09CL004,Calandre,CALENDER CLIO 98 GRISE,,Renault,Clio,3000.0
PR0868,Calandre,CALNDRE MEGANE 99 G CHROME,,Renault,Megane,2000.0
00560030,Capot,CAPOT 206 98,,Peugeot,206,18500.0
00567030,Capot,CAPOT 207 06,,Peugeot,207,15500.0
SYPG,Capot,CAPOT 207 06-12,simyi,Peugeot,207,17500.0
SYPG021G-002,Capot,CAPOT 208,,Peugeot,208,29000.0
SYPG051G-002,Capot,CAPOT 301 13 APPRET CH,,Peugeot,301,27000.0
PG07-04,Capot,CAPOT 301 13 APPRET CH,,Peugeot,301,26000.0
0000405,Capot,CAPOT 405,,Peugeot,405,40000.0
HN1701A,Capot,CAPOT ACCENT 00-14,,Hyundai,Accent,26000.0
SYGM047G-002,Capot,CAPOT AVEO 3,simyi,Chevrolet,Aveo,24500.0
SYRN006G-002,Capot,CAPOT CLIO 01,,Renault,Clio,18500.0
RN0580801A,Capot,CAPOT CLIO 01-05,,Renault,Clio,15500.0
RN1701A,Capot,CAPOT CLIO 98,,Renault,Clio,25000.0
FI-19-DB,Capot,CAPOT DOBLO 2019 CH GRIS,,Fiat,Doblò,36000.0
SYCV001G-002,Capot,CAPOT GOLF 89 JETTA 89 APPRT CH,,Volkswagen,Jetta / Golf,20000.0
SYCV011G-002,Capot,CAPOT GOLF 92 APPRET CH,,Volkswagen,Golf,19500.0
SYCV012G-002,Capot,CAPOT GOLF 98 APPRET CH,,Volkswagen,Golf,19500.0
SE1101B,Capot,CAPOT IBIZA 13,,SEAT,Ibiza,38000.0
SYRN001G-002,Capot,CAPOT LOGAN 05-12,,Dacia,Logan,18500.0
A471,Capot,CAPOT LOGAN/SANDERO 13,,Dacia,Logan / Sandero,21500.0
PG6201,Capot,CAPOT PARTNER /BERLINGO 2008-2017,,Peugeot / Citroën,Partner / Berlingo,24500.0
K10C01A,Capot,CAPOT PICANTO 11,,Kia,Picanto,24000.0
CAPOSANDE,Capot,CAPOT SANDERO 09 CH,,Dacia,Sandero,22500.0
CAPOSAN,Capot,CAPOT SANDIRO 09 CH,,,nan,23000.0
CT0521201A,Capot,CAPOT SAXO 96-99,,Citroën,Saxo,18500.0
RN1F01A,Capot,CAPOT SYMBOL 09,,Renault,Symbol,21000.0
RN07-04,Capot,CAPOT SYMBOL 09,,Renault,Symbol,20700.0
SYRM004-002A,Capot,CAPOT SYMBOL 13,,Renault,Symbol,24500.0
CAPOSYM,Capot,CAPOT SYMBOL 13 NOIRE CH,,Renault,Symbol,22000.0
CR-AR-G4,Carrinage,CARRINAGE ARRI GOLF4,CHINE,Volkswagen,Golf 4,6500.0
5K0945105A,Cataphote,CATAPHOT GOLF6 D,,Volkswagen,Golf 6,1600.0
5K0945106A,Cataphote,CATAPHOT GOLF6 G,,Volkswagen,Golf 6,1600.0
5G0945106,Cataphote,CATAPHOT GOLF7 13 D,,Volkswagen,Golf 7,1600.0
5G0945105,Cataphote,CATAPHOT GOLF7 13 G,,Volkswagen,Golf 7,1600.0
6F0945105,Cataphote,CATAPHOT IBIZA 18-21 G,,SEAT,Ibiza,2100.0
LAMP208,Cataphote,CATAPHOTE 208 12,,Peugeot,208,2800.0
550-4003R-UE,Cataphote,CATAPHOTE AR 206+/08 D,,Peugeot,206,4000.0
550-4003L-UE,Cataphote,CATAPHOTE AR 206/+ 08 G,,Peugeot,206,4000.0
KR-415,Cataphote,CATAPHOTE AR CLIO 09-12 D,KAYAPLASTIK,Renault,Clio,2500.0
KR-416,Cataphote,CATAPHOTE AR CLIO 09-12 G,KAYAPLASTIK,Renault,Clio,2200.0
RS-579-404L,Cataphote,CATAPHOTE AR CLIO 09-12 G,,Renault,Clio,2500.0
551-4001R-LD-UE,Cataphote,CATAPHOTE AR KANGOO 08 D,DEPO,Renault,Kangoo,2800.0
551-4001L-LD-UE,Cataphote,CATAPHOTE AR KANGOO 08 G,DEPO,Renault,Kangoo,2800.0
3,Cataphote,CATAPHOTE AR LEON G+D,,SEAT,Leon,2200.0
2288,Cataphote,CATAPHOTE AR LOGAN 09 D,PLEKSAN,Dacia,Logan,700.0
2289,Cataphote,CATAPHOTE AR LOGAN 09 G,PLEKSAN,Dacia,Logan,700.0
3622,Cataphote,CATAPHOTE AR LOGAN/SYMBOLE 13 D,PLEKSAN,Renault / Dacia,Symbol / Logan,800.0
3623,Cataphote,CATAPHOTE AR LOGAN/SYMBOLE 13 G,PLEKSAN,Renault / Dacia,Symbol / Logan,800.0
3906,Cataphote,CATAPHOTE AR MASTER 10 D,PLEKSAN,Renault,Master,900.0
3907,Cataphote,CATAPHOTE AR MASTER 10 G,PLEKSAN,Renault,Master,900.0
4,Cataphote,CATAPHOTE AR POLO G,,Volkswagen,Polo,2200.0
2,Cataphote,CATAPHOTE IBIZA D,,SEAT,Ibiza,2500.0
6J3945106D,Cataphote,CATAPHOTE IBIZA 08-12 D,,SEAT,Ibiza,2100.0
6J3945105D,Cataphote,CATAPHOTE IBIZA 08-12 G,,SEAT,Ibiza,2100.0
6F0945106,Cataphote,CATAPHOTE IBIZA 18-21 D,,SEAT,Ibiza,2100.0
3712,Cataphote,CATAPHOTE KANGOO 2010 D,PLEKSAN,Renault,Kangoo,2300.0
3713,Cataphote,CATAPHOTE KANGOO 2010 G,,Renault,Kangoo,2300.0
553-4001R-LD-UE,Cataphote,CATAPHOTE SANDERO /SYMBOL /STEPWAY 2017 D,DEPO,Renault / Dacia,Symbol / Sandero / Sandero Stepway,2500.0
553-4001L-LD-UE,Cataphote,CATAPHOTE SANDERO /SYMBOL /STEPWAY 2017 G,DEPO,Renault / Dacia,Symbol / Sandero / Sandero Stepway,2500.0
CERP,Cerceau,CERCEAU CHROME ANTI PARTNER BERLINGO 08-15 JEU,,Peugeot / Citroën,Partner / Berlingo,4300.0
XF920-009R,Cerceau,CERCEAUX ANTI STEPWAY 17 D,,Dacia,Sandero Stepway,2000.0
XF920-009L,Cerceau,CERCEAUX ANTI STEPWAY 17 G,,Dacia,Sandero Stepway,2000.0
CHCAPO,Charnière,CHARNIER CAPOT SYMBOL 13 D CH,,Renault,Symbol,3500.0
CHCAPO,Charnière,CHARNIER CAPOT SYMBOL 13 G CH,,Renault,Symbol,3500.0
P3-DA-LG2-1,Chrome,CHROME CALENDRE LOGAN 09,,Dacia,Logan,4200.0
P3--DA-LG2-1,Chrome,CHROME CALENDRE LOGAN 09,,Dacia,Logan,4200.0
P3-RSB3-1,Chrome,CHROME CALENDRE SYMBOL 09,,Renault,Symbol,4500.0
P3-RSB5-3C,Chrome,CHROME CALENDRE SYMBOL 17 INF,,Renault,Symbol,6200.0
P3-RSB5-1C,Chrome,CHROME CALENDRE SYMBOL 17 JEUX,,Renault,Symbol,3500.0
55315113,Glace,CLASSE RET COROLLA G,,Toyota,Corolla,1950.0
255405005R,Commodo,COMDO +FICHEKLAXON CLIO3 SYMBOL 2019,FTB,Renault,Clio 3 / Symbol,3500.0
8201590631,Commodo,COMODO CLIO3/KANGO3,,Renault,Clio 3,7500.0
8201168003,Commodo,COMODO LOGAN 09 /SYMBOL 09,FTB,Renault / Dacia,Symbol / Logan,3500.0
681722712R,Commodo,COMODO LOGAN 13/SYMBOL 13/STEPWAY 13/DUSTER 13,FTB,Renault / Dacia,Symbol / Logan / Duster / Sandero Stepway,3500.0
6253,Commodo,COMODO PHARE 206 98 +,,Peugeot,206,3200.0
7701047255,Commodo,COMODO PHARE MEGAN/SCENIC /CLIO KANGO,FTB,Renault,Clio / Megane / Scenic / Kangoo,3800.0
HF02-8038BR,Couvercle,COUVER ANTBER AVEO 2007 CHROMI D,,Chevrolet,Aveo,1800.0
HF02-8038BL,Couvercle,COUVER ANTBER AVEO 2007 CHROMI G,,Chevrolet,Aveo,1800.0
8038,Couvercle,COUVER ANTBER AVEO3 D,,,nan,1500.0
8038,Couvercle,COUVER ANTBER AVEO3 G,,,nan,1500.0
FOG,Couvercle,COUVER ANTBER GOLF6 JEUX,,Volkswagen,Golf 6,4000.0
5N0853664J,Couvercle,COUVER ANTBER TIGUAN 11 D,,Volkswagen,Tiguan,3500.0
5N0853665J,Couvercle,COUVER ANTBER TIGUAN 11 G,,Volkswagen,Tiguan,3500.0
192120,Couvercle,COUVER FEU AR R12 87 G,,Renault,R12,1500.0
151050,Couvercle,COUVER FEU AR R4 64-89 D,,,nan,600.0
151060,Couvercle,COUVER FEU AR R4 64-89 G,,,nan,600.0
158650,Couvercle,COUVER FEU AR R5 92 D,,Renault,R5,800.0
158450,Couvercle,COUVER FEU AV R5 80 AM D,,Renault,R5,1550.0
158460,Couvercle,COUVER FEU AV R5 80 AM G,,Renault,R5,1550.0
158550,Couvercle,COUVER FEU AV R5 80 D NM,,Renault,R5,200.0
COPOLO,Couvercle,COUVER INTI POLO JEUX,CHINE,Volkswagen,Polo,2200.0
WOS08GO037,Couvercle,COUVER MOTEUR CADDY 04 DIESEL,DEGA,Volkswagen,Caddy,3300.0
530104104,Couvercle,COUVER RET LOGAN 09 APRI D,,Dacia,Logan,700.0
VM-6207CPR,Couvercle,COUVER RET 207 06 APRI D,VIEW MAX,Peugeot,207,2400.0
VM-6207CPL,Couvercle,COUVER RET 207 06 APRI G,VIEW MAX,Peugeot,207,2400.0
VM-509CPR,Couvercle,COUVER RET 208 12 /2008 12/ C3 16 APRI D,VIEW MAX,Citroën / Peugeot,C3 / 208,2500.0
VM-509CPL,Couvercle,COUVER RET 208 12 /2008 12/ C3 16 APRI G,VIEW MAX,Citroën / Peugeot,C3 / 208,2500.0
VM-402CPR,Couvercle,COUVER RET AVEO SONIC 11 APRI D,VIEW MAX,Chevrolet,Aveo,1300.0
VM-402CPL,Couvercle,COUVER RET AVEO SONIC 11 APRI G,VIEW MAX,Chevrolet,Aveo,1300.0
VM-8118CR,Couvercle,COUVER RET BERLINGO /PARTNER 12 D,VIEW MAX,Peugeot / Citroën,Partner / Berlingo,2800.0
VM8118CL,Couvercle,COUVER RET BERLINGO /PARTNER 12 G,VIEW MAX,Peugeot / Citroën,Partner / Berlingo,2800.0
VM-136CPR,Couvercle,COUVER RET CLIO 01 APRI D,VIEW MAX,Renault,Clio,800.0
FTBCV2132R,Couvercle,COUVER RET CLIO 4 2012 CAPTER 2013 G+D,FTB,Renault,Clio 4,3500.0
FTBCV0179R,Couvercle,COUVER RET CLIO4 GT G+D,FTB,Renault,Clio 4,2500.0
VM-6126CPR,Couvercle,COUVER RET CLIO4/CAPTUR 12 APRI D,VIEW MAX,Renault,Clio 4,2200.0
VM-6126CPL,Couvercle,COUVER RET CLIO4/CAPTUR 12 APRI G,VIEW MAX,Renault,Clio 4,2200.0
530590208,Couvercle,COUVER RET DUSTER 10-12 D,GIVING,Dacia,Duster,1300.0
230590207,Couvercle,COUVER RET DUSTER 10-12 G,GIVING,Dacia,Duster,1300.0
5K0,Couvercle,COUVER RET GOLF6 D,,Volkswagen,Golf 6,2200.0
5K0,Couvercle,COUVER RET GOLF6 G,,Volkswagen,Golf 6,2200.0
VM-364CPR,Couvercle,COUVER RET IBIZA 08 D,VIEW MAX,SEAT,Ibiza,2100.0
VM-364CPL,Couvercle,COUVER RET IBIZA 08 G,VIEW MAX,SEAT,Ibiza,2100.0
FTBCV01538,Couvercle,COUVER RET IBIZA 17 LEON 14 D,FTB,SEAT,Ibiza / Leon,2200.0
VM-132NCR,Couvercle,COUVER RET KANGOO 01 D,VIEW MAX,Renault,Kangoo,900.0
VM-6131CR,Couvercle,COUVER RET KANGOO 08 D,VIEW MAX,Renault,Kangoo,1200.0
VM-6131CL,Couvercle,COUVER RET KANGOO 08 G,VIEW MAX,Renault,Kangoo,1200.0
VM-6132CR,Couvercle,COUVER RET KANGOO 13 D,VIEW MAX,Renault,Kangoo,1800.0
VM-6132CL,Couvercle,COUVER RET KANGOO 13 G,VIEW MAX,Renault,Kangoo,1800.0
VM-137CPR,Couvercle,COUVER RET LAGUNA 01 APRI D,VIEW MAX,Renault,Laguna,1500.0
530104204,Couvercle,COUVER RET LOGAN 09 APRI G,,Dacia,Logan,800.0
6919,Couvercle,COUVER RET MASTER 03-10 G,,Renault,Master,1400.0
3940,Couvercle,COUVER RET MASTER3 10 D,,,nan,1300.0
VM-6142CPR,Couvercle,COUVER RET MEGANE 16-19 /CLIO 19-24 D,VIEW MAX,Renault,Clio / Megane,4200.0
VM-6142CPL,Couvercle,COUVER RET MEGANE 16-19 /CLIO 19-24 G,VIEW MAX,Renault,Clio / Megane,4200.0
6R0,Couvercle,COUVER RET POLO 09-18,,Volkswagen,Polo,2200.0
6R0,Couvercle,COUVER RET POLO 09-18 G,,Volkswagen,Polo,2200.0
530530102,Couvercle,COUVER RET SYMBOL 09/CLIO/CAMPUS D,GIVING,Renault,Symbol / Clio,950.0
VM-6127CPR,Couvercle,COUVER RET SYMBOLE 09/TWINGOO APRI D,VIEW MAX,Renault,Symbol,1200.0
5N0,Couvercle,COUVER RET TIGUAN 08-17 D,,Volkswagen,Tiguan,2800.0
5N0,Couvercle,COUVER RET TIGUAN 08-17 G,,Volkswagen,Tiguan,2800.0
VM--6157CPR,Couvercle,COUVER RET TIPO 23 D,VIEW MAX,Fiat,Tipo,4200.0
VM-6157CPL,Couvercle,COUVER RET TIPO 23 G,VIEW MAX,Fiat,Tipo,4200.0
WOS08PO025,Couvercle,COUVERT MOTEUR IBIZA 08 POLO 09 FABIA 10,DEGA,Volkswagen / SEAT / Škoda,Polo / Ibiza / Fabia,3500.0
EREN08CL074,Couvercle,COUVERT MOTEUR SYMBOL 13 LOGAN SANDERO,DEGA,Renault / Dacia,Symbol / Logan / Sandero,3500.0
COVGOLF,Couvir,COUVIR ANTT GOLF6 G,,Volkswagen,Golf 6,2500.0
KT-BZ-006,Essieu,ESSIEU 301/207/208/C-ELY,,Peugeot,207 / 208 / 301,38000.0
KT-BZ-008,Essieu,ESSIEU 307 PG 307-05,,Peugeot,307,28000.0
KT-LN-003,Essieu,ESSIEU LOGAN SANDERO 07-10 RN06007-05,,Dacia,Logan / Sandero,29500.0
KT-BL-008,Essieu,ESSIEU POLO 09 IBIZA 12,,Volkswagen / SEAT,Polo / Ibiza,31000.0
P1-20812-W1,Fausse calandre,FAUSSE CALENDRE 208 12,,Peugeot,208,7900.0
FAUS208,Fausse calandre,FAUSSE CALENDRE 208 12,,Peugeot,208,5800.0
FAUS301,Fausse calandre,FAUSSE CALENDRE 301 12 CH,,Peugeot,301,4500.0
P3A-30113,Fausse calandre,FAUSSE CALENDRE 301 13 SUP TABE,,Peugeot,301,3500.0
FAUSC-EL,Fausse calandre,FAUSSE CALENDRE C-ILYSSE,,,nan,4800.0
PR4032,Fausse calandre,FAUSSE CALENDRE CLIO 98,,Renault,Clio,1800.0
P1-PT15-W1,Fausse calandre,FAUSSE CALENDRE PARTNER-BERLINGO 15,,Peugeot / Citroën,Partner / Berlingo,8800.0
P1-R07W-1,Fausse calandre,FAUSSE SCENIC,,Renault,Scenic,9200.0
550-1920L-UE,Feu,FEU AR 106 96 G,,Peugeot,106,6500.0
FT06-0102BR,Feu,FEU AR 206 03 HDI D,,Peugeot,206,4000.0
STO206NL,Feu,FEU AR 206 03 HDI D,,Peugeot,206,4500.0
STO206NR,Feu,FEU AR 206 03 HDI D,,Peugeot,206,4800.0
4300,Feu,FEU AR 206 03 HDI D,PLEKSAN,Peugeot,206,4500.0
FT06-0102BL,Feu,FEU AR 206 03 HDI G,,Peugeot,206,4800.0
4301,Feu,FEU AR 206 03 HDI G,PLEKSAN,Peugeot,206,5200.0
550,Feu,FEU AR 206 98 D,DEPO,Peugeot,206,6500.0
550,Feu,FEU AR 206 98 G,DEPO,Peugeot,206,6500.0
STO206OR,Feu,FEU AR 206 O/M D,,Peugeot,206,4800.0
STO206OL,Feu,FEU AR 206 O/M G,,Peugeot,206,4800.0
550-1951R-UEV,Feu,FEU AR 206/+ 5D 09-11 D,DEPO,Peugeot,206,9800.0
550-1951L-UEV,Feu,FEU AR 206/+ 5D 09-11 G,DEPO,Peugeot,206,9800.0
550-1944L-UE,Feu,FEU AR 207 06-09 G,DEPO,Peugeot,207,11000.0
550-1957R-UE,Feu,FEU AR 207 09-12 D,DEPO,Peugeot,207,12000.0
550-1957L-UE,Feu,FEU AR 207 09-12 G,DEPO,Peugeot,207,12000.0
06-1802BR,Feu,FEU AR 207 12 BLANT D,,Peugeot,207,8500.0
06-1802BL,Feu,FEU AR 207 12 BLANT G,,Peugeot,207,8500.0
FEU,Feu,FEU AR 207 20013,,Peugeot,207,8500.0
FAE,Feu,FEU AR 207 2013 D,,Peugeot,207,8500.0
550-1963R-UR,Feu,FEU AR 208 12 D,DEPO,Peugeot,208,12500.0
550-1963L-UR,Feu,FEU AR 208 12 G,DEPO,Peugeot,208,10700.0
4350,Feu,FEU AR 301 12 D,PLEKSAN,Peugeot,301,7000.0
4351,Feu,FEU AR 301 12 G,PLEKSAN,Peugeot,301,7000.0
STO301R,Feu,FEU AR 301 AVEC CHIMA D,,Peugeot,301,8200.0
STO301L,Feu,FEU AR 301 AVEC CHIMA G,,Peugeot,301,8200.0
STO305R,Feu,FEU AR 305 O/M D,,Peugeot,305,4500.0
STO305L,Feu,FEU AR 305 O/M G,,Peugeot,305,4500.0
550-1935R-UE,Feu,FEU AR 306 99-00 D,DEPO,Peugeot,306,4700.0
550-1935L-UE,Feu,FEU AR 306 99-00 G,DEPO,Peugeot,306,4700.0
4400,Feu,FEU AR 307 01-04 D,PLEKSAN,Peugeot,307,5500.0
4401,Feu,FEU AR 307 01-04 G,PLEKSAN,Peugeot,307,5500.0
FT06-0302,Feu,FEU AR 405 N/M G+D,,Peugeot,405,4000.0
550-1919R-LD-UE,Feu,FEU AR 406 96 D,DEPO,Peugeot,406,7000.0
550-1919L-LD-UE,Feu,FEU AR 406 96 G,DEPO,Peugeot,406,7000.0
FT04-1402D,Feu,FEU AR 406 99-03 HDI D,,Peugeot,406,5300.0
550-1930R-UE,Feu,FEU AR 406 99-03 HDI D,DEPO,Peugeot,406,7500.0
FT04-1402L,Feu,FEU AR 406 99-03 HDI G,,Peugeot,406,5300.0
550-1930L-UE,Feu,FEU AR 406 99-03 HDI G,DEPO,Peugeot,406,7500.0
STO505R,Feu,FEU AR 505 N/M AVEC CHIMA D,,Peugeot,505,5500.0
STO505L,Feu,FEU AR 505 N/M AVEC CHIMA G,,Peugeot,505,5500.0
HF01-1205CR,Feu,FEU AR ACCENT 00 D,,Hyundai,Accent,4200.0
221-1926R-A,Feu,FEU AR ACCENT 00 D,DEPO,Hyundai,Accent,7500.0
ACCENT,Feu,FEU AR ACCENT 00 D,CHINE,Hyundai,Accent,4500.0
HF01-1205CL,Feu,FEU AR ACCENT 00 G,,Hyundai,Accent,4200.0
221-1926L-A,Feu,FEU AR ACCENT 00 G,DEPO,Hyundai,Accent,7500.0
ACCENT..,Feu,FEU AR ACCENT 00 G,CHINE,Hyundai,Accent,4500.0
FT04-0402R,Feu,FEU AR ACCENT 04 D,,Hyundai,Accent,3800.0
FT04-0402L,Feu,FEU AR ACCENT 04 G,,Hyundai,Accent,3800.0
221-1960R-UE,Feu,FEU AR ACCENT 12-14 4P D,DEPO,Hyundai,Accent,8500.0
221-1960L-UE,Feu,FEU AR ACCENT 12-14 4P G,DEPO,Hyundai,Accent,8500.0
M510650,Feu,FEU AR ACCENT 13-17 D 4P,MARS,Hyundai,Accent,6500.0
M510651,Feu,FEU AR ACCENT 13-17 G 4P,MARS,Hyundai,Accent,5500.0
221-1921R-UE,Feu,FEU AR ATOS 04-07 D,DEPO,Hyundai,Atos,6500.0
HF01-3005R,Feu,FEU AR ATOS 04-07 D,,Hyundai,Atos,4600.0
FT04-0802R,Feu,FEU AR ATOS 04-07 D,,Hyundai,Atos,4300.0
221-1921L-UE,Feu,FEU AR ATOS 04-07 G,DEPO,Hyundai,Atos,6500.0
HF01-3005L,Feu,FEU AR ATOS 04-07 G,,Hyundai,Atos,4600.0
FT04-0802L,Feu,FEU AR ATOS 04-07 G,,Hyundai,Atos,4300.0
235-1903R-UE,Feu,FEU AR AVEO 07-10 D,DEPO,Chevrolet,Aveo,9500.0
HF02-8005CR,Feu,FEU AR AVEO 07-10 D,,Chevrolet,Aveo,5500.0
235-1903L-UE,Feu,FEU AR AVEO 07-10 G,DEPO,Chevrolet,Aveo,9500.0
HF02-8005CL,Feu,FEU AR AVEO 07-10 G,,Chevrolet,Aveo,5500.0
9820554880,Feu,FEU AR BERLINGO 2019 FIAT DOBLO 2023 D,,Citroën / Fiat,Berlingo / Doblò,7500.0
4230,Feu,FEU AR BERLINGO 2019 FIAT DOBLO 2023 D,PLEKSAN,Citroën / Fiat,Berlingo / Doblò,9500.0
9819235880,Feu,FEU AR BERLINGO 2019 FIAT DOBLO 2023 G,,Citroën / Fiat,Berlingo / Doblò,7500.0
4231,Feu,FEU AR BERLINGO 2019 FIAT DOBLO 2023 G,PLEKSAN,Citroën / Fiat,Berlingo / Doblò,9500.0
FEU,Feu,FEU AR C-ELYSEE 13 G,,Citroën,C-Elysée,8500.0
552-1944L-LD-UE,Feu,FEU AR C-ELYSEE 13 G,DEPO,Citroën,C-Elysée,13000.0
FEU,Feu,FEU AR C-ELYSEE 13 R,,Citroën,C-Elysée,8500.0
M611540,Feu,FEU AR CADDY 07-10 D,MARS,Volkswagen,Caddy,4500.0
M611541,Feu,FEU AR CADDY 07-10 G,AYFAR,Volkswagen,Caddy,4500.0
STOCADLR,Feu,FEU AR CADDY 10 G+D,,Volkswagen,Caddy,4500.0
441-19C1L-UE,Feu,FEU AR CADDY 10-14 G,DEPO,Volkswagen,Caddy,9500.0
441-19C1R-UE,Feu,FEU AR CADDY 10-14D,DEPO,Volkswagen,Caddy,9500.0
2K1945096E,Feu,FEU AR CADDY 16 1P D,,Volkswagen,Caddy,8800.0
2K1945095E,Feu,FEU AR CADDY 16 1P G,,Volkswagen,Caddy,8800.0
3555,Feu,FEU AR CLIO 06 CLASSIQUE G,PLEKSAN,Renault,Clio,4000.0
3570,Feu,FEU AR CLIO 01 15 D,PLEKSAN,Renault,Clio,3500.0
551-1941R-UE,Feu,FEU AR CLIO 01 15 D,DEPO,Renault,Clio,5500.0
M611285,Feu,FEU AR CLIO 01 15 D,MARS,Renault,Clio,4200.0
FT07-0102B1R,Feu,FEU AR CLIO 01 15 D,,Renault,Clio,3500.0
CH3570,Feu,FEU AR CLIO 01 15 D,CHINE,Renault,Clio,4500.0
3571,Feu,FEU AR CLIO 01 15 G,KAYAPLASTIK,Renault,Clio,3500.0
M611286,Feu,FEU AR CLIO 01 15 G,MARS,Renault,Clio,4200.0
FT07-0102B1L,Feu,FEU AR CLIO 01 15 G,,Renault,Clio,3500.0
CH3571,Feu,FEU AR CLIO 01 15 G,CHINE,Renault,Clio,4500.0
157310,Feu,FEU AR CLIO 01 D,MAD,Renault,Clio,3500.0
157320,Feu,FEU AR CLIO 01 G,MAD,Renault,Clio,3500.0
M511216,Feu,FEU AR CLIO 06 CLASSIC,MARS,Renault,Clio,3800.0
M511217,Feu,FEU AR CLIO 06 CLASSIC,MARS,Renault,Clio,3800.0
551-1932R3-UE,Feu,FEU AR CLIO 06 CLASSIC AM D,DEPO,Renault,Clio,4000.0
157440,Feu,FEU AR CLIO 06 CLASSIC AM G,MAD,Renault,Clio,3500.0
3554,Feu,FEU AR CLIO 06 CLASSIC D,PLEKSAN,Renault,Clio,4000.0
157430,Feu,FEU AR CLIO 06 CLASSIC NM D,,Renault,Clio,3500.0
07-0102AR,Feu,FEU AR CLIO 96 D,,Renault,Clio,5500.0
07-0102AL,Feu,FEU AR CLIO 96 G,,Renault,Clio,5500.0
551-1930R-UE,Feu,FEU AR CLIO 96-98 CHIPIE D,DEPO,Renault,Clio,5500.0
551-1930L-UE,Feu,FEU AR CLIO 96-98 CHIPIE G,DEPO,Renault,Clio,5500.0
3550,Feu,FEU AR CLIO 98 CLASSIC D,,Renault,Clio,3800.0
3551,Feu,FEU AR CLIO 98 CLASSIC G,PLEKSAN,Renault,Clio,3800.0
3560,Feu,FEU AR CLIO 98 DEBZA D,PLEKSAN,Renault,Clio,4000.0
3561,Feu,FEU AR CLIO 98 DEBZA G,PLEKSAN,Renault,Clio,4000.0
07-0302A-W,Feu,FEU AR CLIO CLASSIQUE D,,Renault,Clio,3900.0
M511216.,Feu,FEU AR CLIO CLASSIQUE D,MARS,Renault,Clio,3800.0
M511217.,Feu,FEU AR CLIO CLASSIQUE G,MARS,Renault,Clio,3800.0
087681,Feu,FEU AR CLIO CLASSIQUE ROJ G,,Renault,Clio,4000.0
CLIO,Feu,FEU AR CLIO DEBZA 98 D,PLEKSAN,Renault,Clio,4500.0
CLIO,Feu,FEU AR CLIO DEBZA 98 G,PLEKSAN,Renault,Clio,4500.0
551-1963R-UE,Feu,FEU AR CLIO3 05-06 D,DEPO,Renault,Clio 3,9500.0
551-1963-UE,Feu,FEU AR CLIO3 05-06 G,DEPO,Renault,Clio 3,9500.0
551-1991R-UE,Feu,FEU AR CLIO3 09 D,DEPO,Renault,Clio 3,9900.0
3566,Feu,FEU AR CLIO3 09-10 D,,Renault,Clio 3,7500.0
3567,Feu,FEU AR CLIO3 09-10 G,,Renault,Clio 3,7500.0
3650,Feu,FEU AR CLIO4 12 D,PLEKSAN,Renault,Clio 4,5800.0
3651,Feu,FEU AR CLIO4 12 G,PLEKSAN,Renault,Clio 4,5800.0
17-3119-U-R,Feu,FEU AR COROLLA 05-07 D,CASP,Toyota,Corolla,7800.0
17-3119-U-L,Feu,FEU AR COROLLA 05-07 G,CASP,Toyota,Corolla,7800.0
17-3075-T-U-R,Feu,FEU AR COROLLA 08-10,CASP,Toyota,Corolla,5500.0
17-3075-T-U-L,Feu,FEU AR COROLLA 08-10 G,CASP,Toyota,Corolla,5500.0
212-19U7R-UE,Feu,FEU AR COROLLA 10-12 D,DEPO,Toyota,Corolla,8200.0
212-19U7L-UE,Feu,FEU AR COROLLA 10-12 G,DEPO,Toyota,Corolla,8200.0
M511228,Feu,FEU AR DUSTER 10 D,MARS,Dacia,Duster,5500.0
M511229,Feu,FEU AR DUSTER 10 G,MARS,Dacia,Duster,5500.0
553-1904R-UE,Feu,FEU AR DUSTER 18 D,DEPO,Dacia,Duster,14500.0
553-1904L-UE,Feu,FEU AR DUSTER 18 G,DEPO,Dacia,Duster,14500.0
HF01-3005CR,Feu,FEU AR EON D,,Hyundai,Eon,6200.0
HF01-3005CL,Feu,FEU AR EON G,,Hyundai,Eon,6200.0
M510384,Feu,FEU AR EXPERT 08 D,MARS,Peugeot,Expert,7500.0
550-1945R-UE,Feu,FEU AR EXPERT 08 D,DEPO,Peugeot,Expert,11000.0
M510385,Feu,FEU AR EXPERT 08 G,MARS,Peugeot,Expert,7500.0
550-1943L-UE,Feu,FEU AR EXPERT 08 G,DEPO,Peugeot,Expert,11000.0
07-1802R,Feu,FEU AR EXPRESS 95 D,,Renault,Express,3200.0
07-1702L,Feu,FEU AR EXPRESS 95 G,,Renault,Express,3600.0
665-1935R-UE,Feu,FEU AR FABIA 15 D,DEPO,Škoda,Fabia,14500.0
FB-SK16,Feu,FEU AR FABIA 15 D +PORT LAMP D,CHINE,Škoda,Fabia,16500.0
FB-SK16,Feu,FEU AR FABIA 15 D +PORT LAMP G,CHINE,Škoda,Fabia,16500.0
665-1935L-UE,Feu,FEU AR FABIA 15 G,DEPO,Škoda,Fabia,16500.0
441-1910R,Feu,FEU AR GOLF2 83-91 D,,Volkswagen,Golf 2,4000.0
441-19A3R-UE,Feu,FEU AR GOLF3 92-97 GTI D,,Volkswagen,Golf 3,7700.0
1H6956,Feu,FEU AR GOLF3 92-97 GTI D,,Volkswagen,Golf 3,4500.0
441-19A3L-UE,Feu,FEU AR GOLF3 92-97 GTI G,,Volkswagen,Golf 3,7700.0
1H6,Feu,FEU AR GOLF3 G,,Volkswagen,Golf 3,4500.0
441-1974R-UR,Feu,FEU AR GOLF4 98 D,DEPO,Volkswagen,Golf 4,7500.0
441-1974L-UE,Feu,FEU AR GOLF4 98 G,DEPO,Volkswagen,Golf 4,7500.0
441-1981R-UE,Feu,FEU AR GOLF4 98-02 NOIR D,DEPO,Volkswagen,Golf 4,8300.0
441-1981L-UE,Feu,FEU AR GOLF4 98-02 NOIR G,DEPO,Volkswagen,Golf 4,8300.0
441-19B2R-UE,Feu,FEU AR GOLF5 03-07 LED D,DEPO,Volkswagen,Golf 5,8500.0
441--19B2L-UE,Feu,FEU AR GOLF5 03-07 LED G,DEPO,Volkswagen,Golf 5,8500.0
M610642,Feu,FEU AR H100/POINTER // 04 D,,Hyundai / Daewoo,H-100 / Pointer,4200.0
221-1943R-UE,Feu,FEU AR H100/POINTER // 04 D,DEPO,Hyundai / Daewoo,H-100 / Pointer,4500.0
M610543,Feu,FEU AR H100/POINTER // 04 G,,Hyundai / Daewoo,H-100 / Pointer,4200.0
221-1943L-UE,Feu,FEU AR H100/POINTER // 04 G,DEPO,Hyundai / Daewoo,H-100 / Pointer,6300.0
M612112,Feu,FEU AR HILUX 2009 D,MARS,Toyota,Hilux,4600.0
M612113,Feu,FEU AR HILUX 2009 G,MARS,Toyota,Hilux,4600.0
212-19W6R-JUE,Feu,FEU AR HILUX VIGO 11 D,DEPO,Toyota,Hilux / Hilux Vigo,6500.0
212-19W6L-JUE,Feu,FEU AR HILUX VIGO 11 G,DEPO,Toyota,Hilux / Hilux Vigo,6500.0
6J4995LR,Feu,FEU AR IBIZA 13 D,,SEAT,Ibiza,9500.0
6J49,Feu,FEU AR IBIZA 13 G,,SEAT,Ibiza,9500.0
FEU-01,Feu,FEU AR IBIZA 14 D,,SEAT,Ibiza,15500.0
FEUKN,Feu,FEU AR KANGOO 03-07 D,,Renault,Kangoo,4500.0
3704,Feu,FEU AR KANGOO 03-07 D 02 P,PLEKSAN,Renault,Kangoo,3700.0
FEUKAN,Feu,FEU AR KANGOO 03-07 G,,Renault,Kangoo,4500.0
3705,Feu,FEU AR KANGOO 03-07 G 02 P,PLEKSAN,Renault,Kangoo,3800.0
M611297,Feu,FEU AR KANGOO 08 D 2 P,AYFAR,Renault,Kangoo,4800.0
3772,Feu,FEU AR KANGOO 08 D 2 P,PLEKSAN,Renault,Kangoo,4800.0
M611298,Feu,FEU AR KANGOO 08 G 2 P,AYFAR,Renault,Kangoo,4800.0
3773,Feu,FEU AR KANGOO 08 G 2 P,PLEKSAN,Renault,Kangoo,4800.0
M411211,Feu,FEU AR KANGOO 13 2 PORTE D,AYFAR,Renault,Kangoo,5500.0
M411212,Feu,FEU AR KANGOO 13 2 PORTE G,AYFAR,Renault,Kangoo,5500.0
3618,Feu,FEU AR LOGAN /SYMBOL 13 -16 NOIR D,PLEKSAN,Renault / Dacia,Symbol / Logan,6000.0
STOLOGLG,Feu,FEU AR LOGAN /SYMBOL 13 -16 NOIR G+D,,Renault / Dacia,Symbol / Logan,4800.0
3620,Feu,FEU AR LOGAN /SYMBOL 13 D,PLEKSAN,Renault / Dacia,Symbol / Logan,6500.0
M511220,Feu,FEU AR LOGAN /SYMBOL 13-16 D,MARS,Renault / Dacia,Symbol / Logan,5500.0
157450,Feu,FEU AR LOGAN /SYMBOL 13-16 D,MAD,Renault / Dacia,Symbol / Logan,4500.0
M511221,Feu,FEU AR LOGAN /SYMBOL 13-16 G,MARS,Renault / Dacia,Symbol / Logan,5500.0
157460,Feu,FEU AR LOGAN /SYMBOL 13-16 G,MAD,Renault / Dacia,Symbol / Logan,4500.0
XF708-004A,Feu,FEU AR LOGAN 04 G+D,,Dacia,Logan,3500.0
M611257,Feu,FEU AR LOGAN 05 D,AYFAR,Dacia,Logan,3200.0
M611258,Feu,FEU AR LOGAN 05 G,AYFAR,Dacia,Logan,3200.0
2270,Feu,FEU AR LOGAN 05-07 D,PLEKSAN,Dacia,Logan,3800.0
2271,Feu,FEU AR LOGAN 05-07 G,PLEKSAN,Dacia,Logan,3800.0
2280,Feu,FEU AR LOGAN 07 D,PLEKSAN,Dacia,Logan,3800.0
M611264,Feu,FEU AR LOGAN 07 D,AYFAR,Dacia,Logan,3500.0
2281,Feu,FEU AR LOGAN 07 G,PLEKSAN,Dacia,Logan,3800.0
2281L,Feu,FEU AR LOGAN 07 G,POLIPLAST,Dacia,Logan,3800.0
M611265,Feu,FEU AR LOGAN 07 G,AYFAR,Dacia,Logan,3200.0
2290,Feu,FEU AR LOGAN 09 D,PLEKSAN,Dacia,Logan,3800.0
M611281,Feu,FEU AR LOGAN 09 D,AYFAR,Dacia,Logan,4200.0
8200744760,Feu,FEU AR LOGAN 09 D,,Dacia,Logan,4000.0
STOLOGR,Feu,FEU AR LOGAN 09 D,,Dacia,Logan,3800.0
M611282,Feu,FEU AR LOGAN 09 G,AYFAR,Dacia,Logan,4200.0
STOLOGL,Feu,FEU AR LOGAN 09 G,,Dacia,Logan,3800.0
82700744579,Feu,FEU AR LOGAN 09 G,,Dacia,Logan,4000.0
3900,Feu,FEU AR MASTER 03-09 D,PLEKSAN,Renault,Master,5500.0
3901,Feu,FEU AR MASTER 03-09 G,PLEKSAN,Renault,Master,5500.0
3902,Feu,FEU AR MASTER 10-12 D,PLEKSAN,Renault,Master,7500.0
3903,Feu,FEU AR MASTER 10-12 G,PLEKSAN,Renault,Master,7500.0
M611231,Feu,FEU AR MASTER 10-12 G,MARS,Renault,Master,7500.0
442-1970L-UE,Feu,FEU AR MASTER 10-12 G,DEPO,Renault,Master,10500.0
442--1970R-UE,Feu,FEU AR MASTER 10-12 G,DEPO,Renault,Master,10500.0
M611273,Feu,FEU AR MEGANE 06-09 CLIASSIC D,MARS,Renault,Megane,6500.0
M611274,Feu,FEU AR MEGANE 06-09 CLIASSIC G,MARS,Renault,Megane,6500.0
3406,Feu,FEU AR MEGANE 3 14 GT-LINE NOIR D,PLEKSAN,Renault,Megane,9500.0
3407,Feu,FEU AR MEGANE 3 14 GT-LINE NOIR G,PLEKSAN,Renault,Megane,9500.0
FT07-0802R,Feu,FEU AR MEGANE 95 D,,Renault,Megane,5200.0
FT07-0802L,Feu,FEU AR MEGANE 95 G,,Renault,Megane,5200.0
FT07-0902,Feu,FEU AR MEGANE 99 - 02 D,,Renault,Megane,4500.0
ZD5112,Feu,FEU AR OCTAVIA 09-13 D,CHINE,Škoda,Octavia,7500.0
ZD5111,Feu,FEU AR OCTAVIA 09-13 G,CHINE,Škoda,Octavia,7500.0
9677205480,Feu,FEU AR PARTNER /BERLINGO B9 D,,Peugeot / Citroën,Partner / Berlingo,6800.0
9677025580,Feu,FEU AR PARTNER /BERLINGO B9 G,,Peugeot / Citroën,Partner / Berlingo,6800.0
155750,Feu,FEU AR PARTNER /BERLINGO 05 NM 2P D,MAD,Peugeot / Citroën,Partner / Berlingo,3000.0
06-1502B2R,Feu,FEU AR PARTNER /BERLINGO 05 NM 2P D,,Peugeot / Citroën,Partner / Berlingo,4500.0
155760,Feu,FEU AR PARTNER /BERLINGO 05 NM 2P G,MAD,Peugeot / Citroën,Partner / Berlingo,3000.0
06-1502B2L,Feu,FEU AR PARTNER /BERLINGO 05 NM 2P G,,Peugeot / Citroën,Partner / Berlingo,4500.0
155630,Feu,FEU AR PARTNER /BERLINGO 08 2P G,MAD,Peugeot / Citroën,Partner / Berlingo,5500.0
155640,Feu,FEU AR PARTNER /BERLINGO 08 2P G,MAD,Peugeot / Citroën,Partner / Berlingo,5500.0
M511149,Feu,FEU AR PARTNER /BERLINGO 12 1P NOIRE D,MARS,Peugeot / Citroën,Partner / Berlingo,8500.0
M511150,Feu,FEU AR PARTNER /BERLINGO 12 1P NOIRE G,MARS,Peugeot / Citroën,Partner / Berlingo,8500.0
155650,Feu,FEU AR PARTNER /BERLINGO 12-15 NOIR 2P D,MAD,Peugeot / Citroën,Partner / Berlingo,6000.0
155660,Feu,FEU AR PARTNER /BERLINGO 12-15 NOIR 2P G,MAD,Peugeot / Citroën,Partner / Berlingo,6500.0
M5111466,Feu,FEU AR PARTNER /BERLINGO 12-15 NOIR 2P G,,Peugeot / Citroën,Partner / Berlingo,6500.0
552-1922R-UE,Feu,FEU AR PARTNER /BERLINGO 96-04 1P D,DEPO,Peugeot / Citroën,Partner / Berlingo,4500.0
552-1922L-UE,Feu,FEU AR PARTNER /BERLINGO 96-04 1P G,DEPO,Peugeot / Citroën,Partner / Berlingo,4500.0
M511126,Feu,FEU AR PARTNER 05-08 1P D,MARS,Peugeot,Partner,3500.0
M511122,Feu,FEU AR PARTNER 05-08 1P D,MARS,Peugeot,Partner,3500.0
M511127,Feu,FEU AR PARTNER 05-08 1P G,MARS,Peugeot,Partner,3500.0
HC-PTN-07-RH,Feu,FEU AR PARTNER 08-12 D,,Peugeot,Partner,6200.0
HC-PTN-07-LH,Feu,FEU AR PARTNER 08-12 G,,Peugeot,Partner,6200.0
4204,Feu,FEU AR PARTNER/BERLINGO 05 D,PLEKSAN,Peugeot / Citroën,Partner / Berlingo,3500.0
4205,Feu,FEU AR PARTNER/BERLINGO 05 G,PLEKSAN,Peugeot / Citroën,Partner / Berlingo,3500.0
M511123,Feu,FEU AR PARTNER/BERLINGO 05-07 G,MARS,Peugeot / Citroën,Partner / Berlingo,3500.0
M511141,Feu,FEU AR PARTNER/BERLINGO 08 2P D,MARS,Peugeot / Citroën,Partner / Berlingo,6500.0
M511142,Feu,FEU AR PARTNER/BERLINGO 08 2P G,MARS,Peugeot / Citroën,Partner / Berlingo,6500.0
M511145,Feu,FEU AR PARTNER/BERLINGO 12-15 NOIR 2P D,MARS,Peugeot / Citroën,Partner / Berlingo,7500.0
M511146,Feu,FEU AR PARTNER/BERLINGO 12-15 NOIR 2P G,MARS,Peugeot / Citroën,Partner / Berlingo,7500.0
441-1314L-LD-UE,Feu,FEU AR PASSAT 05-09 CM G,DEPO,Volkswagen,Passat,7000.0
HF03-1305BR,Feu,FEU AR PICANTO 08 D,,Kia,Picanto,5200.0
223-1934R-UE,Feu,FEU AR PICANTO 08 D,DEPO,Kia,Picanto,7500.0
HF03-1305BL,Feu,FEU AR PICANTO 08 G,,Kia,Picanto,5200.0
223-1934-UE,Feu,FEU AR PICANTO 08 G,DEPO,Kia,Picanto,7500.0
223-1968R-UE,Feu,FEU AR PICANTO 11 D,DEPO,Kia,Picanto,8000.0
223-1968L-UE,Feu,FEU AR PICANTO 11 G,DEPO,Kia,Picanto,8000.0
441-1973R-UE,Feu,FEU AR POLO 02-05 4P D,DEPO,Volkswagen,Polo,5500.0
441-1973L-UE,Feu,FEU AR POLO 02-05 4P G,DEPO,Volkswagen,Polo,5500.0
441-1984R-LD,Feu,FEU AR POLO 05-06 D,DEPO,Volkswagen,Polo,9500.0
441-1984L-LD,Feu,FEU AR POLO 05-06 G,DEPO,Volkswagen,Polo,9500.0
PZNP-025L,Feu,FEU AR POLO 05-10 G,,Volkswagen,Polo,5300.0
FEU,Feu,FEU AR POLO 10-14 D,,Volkswagen,Polo,6800.0
FEUPOL,Feu,FEU AR POLO 10-14 G,,Volkswagen,Polo,6800.0
PZ14P-023R,Feu,FEU AR POLO 14 D,,Volkswagen,Polo,7500.0
PZ14P-023L,Feu,FEU AR POLO 14 G,,Volkswagen,Polo,7500.0
6CO,Feu,FEU AR POLO 14/17 D,,Volkswagen,Polo,7500.0
6CO,Feu,FEU AR POLO 14/17 G,,Volkswagen,Polo,7500.0
441-19BCR-LD-UE,Feu,FEU AR POLO 17-20 D,DEPO,Volkswagen,Polo,10500.0
441-19BCL-LD-UE,Feu,FEU AR POLO 17-20 G,DEPO,Volkswagen,Polo,10500.0
441-1934R-LD-UE,Feu,FEU AR POLO 99 D,DEPO,Volkswagen,Polo,6500.0
441-1934L-LD-UE,Feu,FEU AR POLO 99 G,DEPO,Volkswagen,Polo,6500.0
FT07-1202R,Feu,FEU AR R19 N/M D,,Renault,R19,5200.0
FT07-1302L,Feu,FEU AR R19 N/M G,,Renault,R19,5200.0
551-1906R,Feu,FEU AR R9 87 90 D,DEPO,Renault,R9,5200.0
551-1906L,Feu,FEU AR R9 87 90 G,DEPO,Renault,R9,5200.0
9820555280,Feu,FEU AR RIFTER D,,,nan,10200.0
9819427380,Feu,FEU AR RIFTER G,,,nan,10200.0
HF02-3305R,Feu,FEU AR SAIL 10 D,,Chevrolet,Sail,6500.0
235-1921R-RD-U,Feu,FEU AR SAIL 10 G,DEPO,Chevrolet,Sail,8500.0
HF02-3305L,Feu,FEU AR SAIL 10 G,,Chevrolet,Sail,6500.0
FT29-1102B,Feu,FEU AR SAIL 10 G,,Chevrolet,Sail,5000.0
551-1979R-D-UE,Feu,FEU AR SANDERO 08-12 D,DEPO,Dacia,Sandero,5800.0
551-1979-LD-UE,Feu,FEU AR SANDERO 08-12 G,DEPO,Dacia,Sandero,5800.0
M511277,Feu,FEU AR SANDERO 15 D,AYFAR,Dacia,Sandero,5800.0
M511278,Feu,FEU AR SANDERO 15G,AYFAR,Dacia,Sandero,5800.0
2198,Feu,FEU AR SANDERO STEPWAY 13 D,PLEKSAN,Dacia,Sandero Stepway / Sandero,7500.0
2199,Feu,FEU AR SANDERO STEPWAY 13 G,PLEKSAN,Dacia,Sandero Stepway / Sandero,7500.0
553-1903R-UE,Feu,FEU AR SANDERO STEPWAY 17-20 D,DEPO,Dacia,Sandero Stepway / Sandero,9800.0
553-1903L-UE,Feu,FEU AR SANDERO STEPWAY 17-20 G,DEPO,Dacia,Sandero Stepway / Sandero,9800.0
M411213,Feu,FEU AR SANDERO STEPWAY 17-21 D,MARS,Dacia,Sandero Stepway / Sandero,8000.0
M411214,Feu,FEU AR SANDERO STEPWAY 17-21 G,MARS,Dacia,Sandero Stepway / Sandero,8500.0
STOSCEL,Feu,FEU AR SCENIC 99 G,,Renault,Scenic,5500.0
STOSCER,Feu,FEU AR SCINC 99 D,,,nan,5500.0
STOSALR,Feu,FEU AR SOLENZA D,,,nan,3700.0
STOSALL,Feu,FEU AR SOLENZA G,,,nan,3700.0
223-1951R-UE,Feu,FEU AR SPORTAGE 10 D,DEPO,,nan,11500.0
223-1951L-UE,Feu,FEU AR SPORTAGE 10 G,DEPO,,nan,11500.0
3580,Feu,FEU AR SYMBOL 09 D,PLEKSAN,Renault,Symbol,3800.0
M611289,Feu,FEU AR SYMBOL 09 D,MARS,Renault,Symbol,4500.0
M611290,Feu,FEU AR SYMBOL 09 G,MARS,Renault,Symbol,3500.0
157415,Feu,FEU AR SYMBOL 09-12 D,MAD,Renault,Symbol,3500.0
157425,Feu,FEU AR SYMBOL 09-12 G,MAD,Renault,Symbol,3500.0
265501454R,Feu,FEU AR SYMBOL 13 /LOGNA 13 D,,Renault,Symbol,5200.0
265556233R,Feu,FEU AR SYMBOL 13 /LOGNA 13 G,,Renault,Symbol,5200.0
3619,Feu,FEU AR SYMBOL 13 FUME G,PLEKSAN,Renault,Symbol,7000.0
M511269,Feu,FEU AR SYMBOL 13 NOIR D,MARS,Renault,Symbol,4800.0
M511270,Feu,FEU AR SYMBOL 13 NOIR G,MARS,Renault,Symbol,5400.0
157480,Feu,FEU AR SYMBOL 13--17 NOIR G,MAD,Renault,Symbol,5000.0
157470,Feu,FEU AR SYMBOL 13-17 NOIR D,MAD,Renault,Symbol,5000.0
M511201,Feu,FEU AR SYMBOL 17 D,MARS,Renault,Symbol,7200.0
M511202,Feu,FEU AR SYMBOL 17 G,MARS,Renault,Symbol,7200.0
551-1903R-UE,Feu,FEU AR SYMBOL 17-20 D,DEGA,Renault,Symbol,9500.0
3648,Feu,FEU AR SYMBOL 17-20 D,PLEKSAN,Renault,Symbol,7500.0
551-19ATL-UE,Feu,FEU AR SYMBOL 17-20 G,DEPO,Renault,Symbol,9500.0
3581,Feu,FEU AR SYMBOLE 09 G,PLEKSAN,Renault,Symbol,3800.0
M5103003,Feu,FEU AR TIPO 2023 SED COTE AILE D,MARS,Fiat,Tipo,16000.0
M510304,Feu,FEU AR TIPO 2023 SED COTE AILE G,MARS,Fiat,Tipo,16000.0
19-3123-D-U-R,Feu,FEU AR YARIS 09-11 D,CASP,Toyota,Yaris,8500.0
19-3113-U-R,Feu,FEU AR YARIS 07 SDN D,CASP,Toyota,Yaris,6200.0
19-3113-U-L,Feu,FEU AR YARIS 07 SDN G,CASP,Toyota,Yaris,6200.0
19-3123-D-U-L,Feu,FEU AR YARIS 09-11 G,CASP,Toyota,Yaris,8500.0
19-3194-U-R,Feu,FEU AR YARIS 12-14 HB D,CASP,Toyota,Yaris,7200.0
19-3194-U-L,Feu,FEU AR YARIS 12-14 HB G,CASP,Toyota,Yaris,7200.0
151814,Feu,FEU AV 205 91 NM BLANC D,MAD,Peugeot,205,1800.0
151824,Feu,FEU AV 205 91 NM BLANC G,MAD,Peugeot,205,1800.0
FT06-0803-W,Feu,FEU AV 205 BLANC N/M G+D,,Peugeot,205,1500.0
FT06-0803A-Y,Feu,FEU AV 205 JAUNE A/M G+D,,Peugeot,205,1500.0
FT06-0503A,Feu,FEU AV 305 ANC G+D,,Peugeot,305,1500.0
550-1508LAE,Feu,FEU AV 306 93 AM G,DEPO,Peugeot,306,2800.0
FE309,Feu,FEU AV 309 D,,Peugeot,309,1500.0
FT06-0603B,Feu,FEU AV 309 G /D,,Peugeot,309,1800.0
11152210,Feu,FEU AV 405 87-96 D,MAD,Peugeot,405,1500.0
FT060303AR,Feu,FEU AV 405 87-96 D,,Peugeot,405,1800.0
FT06-0303L,Feu,FEU AV 405 87-96 D,,Peugeot,405,1800.0
152220,Feu,FEU AV 405 87-96 G,MAD,Peugeot,405,1500.0
FT06-0303A,Feu,FEU AV 405 87-96 G,,Peugeot,405,1800.0
2303309,Feu,FEU AV 405 D,AYFAR,Peugeot,405,1800.0
M520346,Feu,FEU AV BOXER G,MARS,Peugeot,Boxer,2500.0
FECI,Feu,FEU AV CIELO D,,Daewoo,Cielo,1700.0
FECIE,Feu,FEU AV CIELO G,,Daewoo,Cielo,1700.0
157140,Feu,FEU AV CLIO 90 AM COMPLET G,MAD,Renault,Clio,1800.0
157110,Feu,FEU AV CLIO AM D,MAD,Renault,Clio,1600.0
157120,Feu,FEU AV CLIO AM G,MAD,Renault,Clio,1600.0
FEEX,Feu,FEU AV EXPER G/D,,,nan,1800.0
154310,Feu,FEU AV EXPRESS 95 D,MAD,Renault,Express,1500.0
154310,Feu,FEU AV EXPRESS 95-97 JEUX,MAD,Renault,Express,2200.0
VER-001,Feu,FEU AV GOLF2 G+D,,Volkswagen,Golf 2,3000.0
18-3593-01-2B,Feu,FEU AV MEGANE 96 D,TYC,Renault,Megane,2400.0
551-1513R-AE,Feu,FEU AV MEGANE 96 D,DEPO,Renault,Megane,2200.0
18-3594-01-2B,Feu,FEU AV MEGANE 96 G,TYC,Renault,Megane,2400.0
FEUME,Feu,FEU AV MEGANE 96 G,,Renault,Megane,1650.0
551-1513L-AE,Feu,FEU AV MEGANE 96 G,DEPO,Renault,Megane,2200.0
155610,Feu,FEU AV PARTNER/BERLINGO 96 D,MAD,Peugeot / Citroën,Partner / Berlingo,1500.0
M521129,Feu,FEU AV PARTNER/BERLINGO 96 D,MARS,Peugeot / Citroën,Partner / Berlingo,2000.0
6FEU-,Feu,FEU AV PARTNER/BERLINGO 96 D,,Peugeot / Citroën,Partner / Berlingo,1500.0
M521130,Feu,FEU AV PARTNER/BERLINGO 96 G,MARS,Peugeot / Citroën,Partner / Berlingo,1500.0
2112,Feu,FEU AV R12 87 D,,Renault,R12,1800.0
2113,Feu,FEU AV R12 87 G,,Renault,R12,1800.0
FT07-1103-Y,Feu,FEU AV R18 JAUNE ANC G,,,nan,1500.0
FT07-2903,Feu,FEU AV R19 D,,Renault,R19,1650.0
153930,Feu,FEU AV R19 88 AM D,MAD,Renault,R19,1600.0
153640,Feu,FEU AV R19 88 AM G,MAD,Renault,R19,1600.0
154030,Feu,FEU AV R19 92 NM D,MAD,Renault,R19,1700.0
551-1511R-WE,Feu,FEU AV R19 92 NM D,DEPO,Renault,R19,1500.0
154040,Feu,FEU AV R19 92 NM G,MAD,Renault,R19,1700.0
551-1511L-WE,Feu,FEU AV R19 92 NM G,DEPO,Renault,R19,1500.0
FE19,Feu,FEU AV R19 D,,Renault,R19,1500.0
FER19,Feu,FEU AV R19 G,,Renault,R19,1500.0
551-1507R-UE,Feu,FEU AV R21 86 AM D,DEPO,Renault,R21,1500.0
551-1507L-UE,Feu,FEU AV R21 86 AM G,DEPO,Renault,R21,1500.0
18-3583-01-2B,Feu,FEU AV SAXO 96 AM D,TYC,Citroën,Saxo,2200.0
552-1505R-UE,Feu,FEU AV SAXO 96 AM D,DEPO,Citroën,Saxo,1800.0
552-1505L-UE,Feu,FEU AV SAXO 96 AM G,DEPO,Citroën,Saxo,1800.0
18-3584-01-2B,Feu,FEU AV SAXO 96 G,TYC,Citroën,Saxo,2200.0
153710,Feu,FEU AV SUPER 5 72 D,MAD,,nan,1700.0
153720,Feu,FEU AV SUPER 5 72 G,MAD,,nan,1700.0
3408,Feu,FEU DE MALLE MEGANE3 14 GT-LINE NOIR D,,Renault,Megane 3,10500.0
3409,Feu,FEU DE MALLE MEGANE3 14 GT-LINE NOIR G,,Renault,Megane 3,10500.0
FEU-MCAMPUS,Feu,FEU DE MATRICUL CAMPUS,,,nan,1550.0
11,Feu,FEU DE POSITION GOLF4,,Volkswagen,Golf 4,800.0
4306,,,,,nan,900.0
7,Feu,FEU DE POSITION 206 BLANC,,Peugeot,206,600.0
8,Feu,FEU DE POSITION 206 CRISTAL,,Peugeot,206,700.0
9,Feu,FEU DE POSITION 406 BLANC,,Peugeot,406,600.0
10,Feu,FEU DE POSITION 406 ROUGE,,Peugeot,406,700.0
2206,Feu,FEU DE POSITION LOGANE 13 D,,Dacia,Logan,750.0
2205,Feu,FEU DE POSITION LOGANE 13 G,,Dacia,Logan,750.0
753523,Feu,FEU DE POSITION LOGANE-DUSTR KANGO3,,Dacia,Logan,650.0
3309,Feu,FEU DE POSITION MEGANE 02 G,,Renault,Megane,700.0
5004,Feu,FEU DE STOP 3EME CADDY 04,,Volkswagen,Caddy,3200.0
3769,Feu,FEU DE STOP 3EME KANGOO 98-07,,Renault,Kangoo,3200.0
6911,Feu,FEU POSITION BOXER DUCATO CMAX 06-A/PLAMP,,Fiat / Peugeot,Ducato / Boxer,1000.0
6911,Feu,FEU POSITION BOXER DUCATO CMAX 06-A/PLAMP,,Fiat / Peugeot,Ducato / Boxer,1050.0
3579,Feu,FEU POSITION CLIO 03-06 13,,Renault,Clio,1000.0
KM-568,Feu,FEU RET CLIO4 12 D,,Renault,Clio 4,900.0
KR-567,Feu,FEU RET CLIO4 12 G,,Renault,Clio 4,900.0
5K0,Feu,FEU RET GLOF6 D,,Volkswagen,Golf 6,3800.0
VG122050101,Feu,FEU RET GOLF5 03-08,GIVING,Volkswagen,Golf 5,2200.0
5K0,Feu,FEU RET GOLF6 D,,Volkswagen,Golf 6,3500.0
5K0949,Feu,FEU RET GOLF6 G,,Volkswagen,Golf 6,3800.0
3908,Feu,FEU RET MASTER 10-14 D,,Renault,Master,1100.0
KR-299,Feu,FEU RET MASTER 10-14 D,,Renault,Master,1100.0
KR-307,Feu,FEU RET MASTER 10-14 G,,Renault,Master,1100.0
3909,Feu,FEU RET MASTER 10-14 G,,Renault,Master,1100.0
3806,Feu,FEU RET MEGANE 08/FLUENCE D,,Renault,Megane / Fluence,950.0
3807,Feu,FEU RET MEGANE 08/FLUENCE G,,Renault,Megane / Fluence,950.0
2624,Feu,FEU RET SYMBOLE 13 D,,Renault,Symbol,700.0
3625,Feu,FEU RET SYMBOLE 13 G,,Renault,Symbol,700.0
7700838546,Gâchette,GACHETTE MALL CLIO2 MEGAN,FTB,Renault,Clio 2 / Megane,1600.0
GASE,Gâchette,GACHETTE SERURE MALE STEP- LOGAN SANDERO SYMBOL 09,,Renault / Dacia,Symbol / Logan / Sandero,2250.0
FTB,Gag,GAG VENTILATEUR CLIO4 SYMBOL LOGAN STEPWAY 13,,Renault / Dacia,Clio 4 / Symbol / Logan / Sandero Stepway,3500.0
GPM5LR,Glace,GLACIOL PRO M5L ROSSE -5 PF 10027,,,nan,850.0
GPM5LV,Glace,GLACIOL PRO M5L VERT -5 PF 10024,,,nan,900.0
VM-206GR,Glace,GLASSE RET 206 98/C3 D,VIEW MAX,Citroën / Peugeot,C3 / 206,1600.0
VM-206AGL,Glace,GLASSE RET 206 98/C3 G,VIEW MAX,Citroën / Peugeot,C3 / 206,1700.0
530074217,Glace,GLASSE RET 206 98/C3 S/S G,,Citroën / Peugeot,C3 / 206,700.0
VM-6207GR,Glace,GLASSE RET 207 06 D,VIEW MAX,Peugeot,207,1700.0
VM-6207GL,Glace,GLASSE RET 207 06 G,VIEW MAX,Peugeot,207,1700.0
C00601,Glace,GLASSE RET 207/308 D,GIVING,Peugeot,207 / 308,1500.0
C00602,Glace,GLASSE RET 207/308 G,GIVING,Peugeot,207 / 308,1500.0
VM-509GHL,Glace,GLASSE RET 208 12 C3 16 G,VIEW MAX,Citroën / Peugeot,C3 / 208,2400.0
VM-512GR,Glace,GLASSE RET 301 12 /C-ELYSEE D,VIEW MAX,Citroën / Peugeot,C-Elysée / 301,2000.0
VM-512GL,Glace,GLASSE RET 301 12 /C-ELYSEE G,VIEW MAX,Citroën / Peugeot,C-Elysée / 301,2000.0
530075101,Glace,GLASSE RET 307 01 D,,Peugeot,307,1300.0
VM-207GR,Glace,GLASSE RET 307 01 D,VIEW MAX,Peugeot,307,1700.0
VM-207,Glace,GLASSE RET 307 01 G,VIEW MAX,Peugeot,307,1700.0
530075210,Glace,GLASSE RET 307 01 S/S D,,Peugeot,307,800.0
5300752,Glace,GLASSE RET 307 01 S/S G,,Peugeot,307,800.0
VM-6308GHR,Glace,GLASSE RET 308 07 D,,Peugeot,308,2200.0
53007521,Glace,GLASSE RET 308 07 S/S G,,Peugeot,308,800.0
C05901,Glace,GLASSE RET 406 99 D,GIVING,Peugeot,406,1500.0
VM-203BAGHL,Glace,GLASSE RET 406 99 G,VIEW MAX,Peugeot,406,2700.0
VM-402,Glace,GLASSE RET AVEO 11 D,VIEW MAX,Chevrolet,Aveo,1600.0
VM-6118GR,Glace,GLASSE RET BERLINGO 08 /PARTNER 08 D,VIEW MAX,Peugeot / Citroën,Partner / Berlingo,2000.0
VM-6118GL,Glace,GLASSE RET BERLINGO 08 /PARTNER 08 G,VIEW MAX,Peugeot / Citroën,Partner / Berlingo,2000.0
530178109,Glace,GLASSE RET BERLINGO 08 /PARTNER 08 S/S D,,Peugeot / Citroën,Partner / Berlingo,500.0
530126105,Glace,GLASSE RET BERLINGO 08 /PARTNER 96 S/S DR,,Peugeot / Citroën,Partner / Berlingo,500.0
VM-115GL,Glace,GLASSE RET BOXER 94-99 G,VIEW MAX,Peugeot,Boxer,2500.0
VM-201GR,Glace,GLASSE RET BOXER 99-06 D,VIEW MAX,Peugeot,Boxer,2200.0
VM-201GL,Glace,GLASSE RET BOXER 99-06 G,VIEW MAX,Peugeot,Boxer,2200.0
VM201BGR,Glace,GLASSE RET BOXER 99-06 PM D,VIEW MAX,Peugeot,Boxer,1200.0
VM-375,Glace,GLASSE RET CADDY 04 D,VIEW MAX,Volkswagen,Caddy,2300.0
CAR-85921E1,Glace,GLASSE RET CADDY 04 G,,Volkswagen,Caddy,2500.0
VM-375,Glace,GLASSE RET CADDY 04 G,,Volkswagen,Caddy,2500.0
VM-6375GHR,Glace,GLASSE RET CADDY 17 D,VIEW MAX,Volkswagen,Caddy,5500.0
VM-6375GHL,Glace,GLASSE RET CADDY 17 G,VIEW MAX,Volkswagen,Caddy,5500.0
VM-136GR,Glace,GLASSE RET CLIO 01 D,VIEW MAX,Renault,Clio,1700.0
VM-136AGL,Glace,GLASSE RET CLIO 01 G,VIEW MAX,Renault,Clio,1600.0
530073117,Glace,GLASSE RET CLIO 01 S/S D,,Renault,Clio,500.0
VM-6136GR,Glace,GLASSE RET CLIO 05 D,VIEW MAX,Renault,Clio,1800.0
530592009,Glace,GLASSE RET CLIO 05 S/S D,,Renault,Clio,500.0
VM-6135GR,Glace,GLASSE RET CLIO 09 D,VIEW MAX,Renault,Clio,1800.0
VM-6135GHR,Glace,GLASSE RET CLIO 09 DEG D,VIEW MAX,Renault,Clio,2000.0
VM-6135AGHL,Glace,GLASSE RET CLIO 09 DEG G,VIEW MAX,Renault,Clio,2000.0
VM-6135AGL,Glace,GLASSE RET CLIO 09 G,VIEW MAX,Renault,Clio,1800.0
530505105,Glace,GLASSE RET CLIO 09-13 S/S D,,Renault,Clio,600.0
530505205,Glace,GLASSE RET CLIO 09-13 S/S G,,Renault,Clio,600.0
7701040256,Glace,GLASSE RET CLIO DEBZA,,Renault,Clio,1800.0
VM-6126GHL,Glace,GLASSE RET CLIO4 12 G,VIEW MAX,Renault,Clio 4,2300.0
530673212,Glace,GLASSE RET COROLLA 12 D,GIVING,Toyota,Corolla,2200.0
VM-6117GR,Glace,GLASSE RET EXPERT 07 D,VIEW MAX,Peugeot,Expert,1800.0
VM-6116GL,Glace,GLASSE RET EXPERT 07 PM G,VIEW MAX,Peugeot,Expert,2200.0
VM-188GHR,Glace,GLASSE RET GOLF4 98 D,VIEW MAX,Volkswagen,Golf 4,2600.0
530061124,Glace,GLASSE RET GOLF4 98 S/S BLUE D,,Volkswagen,Golf 4,700.0
530061219,Glace,GLASSE RET GOLF4 98 S/S BLUE G,,Volkswagen,Golf 4,700.0
VM-619,Glace,GLASSE RET GOLF6 08 D,VIEW MAX,Volkswagen,Golf 6,2500.0
VM-6197AGHR,Glace,GLASSE RET GOLF6 08 D,VIEW MAX,Volkswagen,Golf 6,2500.0
VM-6187AGHL,Glace,GLASSE RET GOLF7 13 G,VIEW MAX,Volkswagen,Golf 7,3500.0
55121673,Glace,GLASSE RET I10 08-13 D,GIVING,Hyundai,i10,1800.0
55111673,Glace,GLASSE RET I10 08-13 G,GIVING,Hyundai,i10,1800.0
C05908,Glace,GLASSE RET IBIZA 08-12 D,GIVING,SEAT,Ibiza,2200.0
530241202,Glace,GLASSE RET IBIZA 08-12 D,GIVING,SEAT,Ibiza,1800.0
C05907,Glace,GLASSE RET IBIZA 08-12 G,GIVING,SEAT,Ibiza,2200.0
VM-131NAG,Glace,GLASSE RET KANGOO 03 G/D,VIEW MAX,Renault,Kangoo,1800.0
530121006,Glace,GLASSE RET KANGOO 03 S/S G/D,,Renault,Kangoo,500.0
VM-6131GH,Glace,GLASSE RET KANGOO 08 G/D,VIEW MAX,Renault,Kangoo,2200.0
VM-6132AGHR,Glace,GLASSE RET KANGOO 13 D,VIEW MAX,Renault,Kangoo,2500.0
VM-6132AGHL,Glace,GLASSE RET KANGOO 13 G,VIEW MAX,Renault,Kangoo,2500.0
VM-131GL,Glace,GLASSE RET KANGOO 98 /EXPRESS 95 G,VIEW MAX,Renault,Kangoo / Express,1500.0
VM-6801GR,Glace,GLASSE RET LOGAN 09 D,VIEW MAX,Dacia,Logan,1700.0
VM-6801GL,Glace,GLASSE RET LOGAN 09 G,VIEW MAX,Dacia,Logan,1700.0
GL-3001,Glace,GLASSE RET LOGAN G,,Dacia,Logan,1500.0
530604100,Glace,GLASSE RET PICANTO 08-10 S/S D,,Kia,Picanto,550.0
530604200,Glace,GLASSE RET PICANTO 08-10 S/S G,,Kia,Picanto,550.0
53022910,Glace,GLASSE RET POLO 09-18 D,GIVING,Volkswagen,Polo,1800.0
530772100,Glace,GLASSE RET SAIL 10-12 D,GIVING,Chevrolet,Sail,1700.0
530772200,Glace,GLASSE RET SAIL 10-12 G,GIVING,Chevrolet,Sail,1700.0
530136100,Glace,GLASSE RET SAXO 96 S/S DR,,Citroën,Saxo,500.0
530505101,Glace,GLASSE RET SYMBOL 09 D,,Renault,Symbol,2200.0
VM-3127AGL,Glace,GLASSE RET SYMBOL 09 G,VIEW MAX,Renault,Symbol,2200.0
VM-6127AGL,Glace,GLASSE RET TWINGO SYMBOL 07 G,VIEW MAX,Renault,Symbol,2100.0
C06831,Glace,GLASSE RET YARIS 06 D,GIVING,Toyota,Yaris,1500.0
VM-504GR,Glace,GLASSE RET 107 05/C1/AYGO D,VIEW MAX,Peugeot,107,1700.0
VM-509GHR,Glace,GLASSE RET 208 12 D C3 16,VIEW MAX,Citroën / Peugeot,C3 / 208,2400.0
CAR-002405,Glace,GLASSE RET 208 12 G,CARMAN,Peugeot,208,1500.0
530719101,Glace,GLASSE RET 301 C-ELISEE 13 D,,Peugeot,301,1800.0
GLAS307,Glace,GLASSE RET 307 G,,Peugeot,307,1200.0
VM-6308GLH,Glace,GLASSE RET 308 07 G,,Peugeot,308,2200.0
5301151206,Glace,GLASSE RET 308 S/S G,,Peugeot,308,950.0
TH-2025L,Glace,GLASSE RET 405-309 G,,Peugeot,309 / 405,1050.0
VM--203BGHR,Glace,GLASSE RET 406 99 D,VIEW MAX,Peugeot,406,2600.0
CAR-002122LB,Glace,GLASSE RET 406 G,,Peugeot,406,2100.0
GLA-003,Glace,GLASSE RET ACCENT 00-14 D,,Hyundai,Accent,1300.0
VM-367GHR,Glace,GLASSE RET ARONA 19 IBIZA 18 LEON 13 GRIS D,VIEW MAX,SEAT,Ibiza / Leon / Arona,2800.0
VM-367GHL,Glace,GLASSE RET ARONA 19 IBIZA 18 LEON 13 GRIS G,VIEW MAX,SEAT,Ibiza / Leon / Arona,2800.0
530295100,Glace,GLASSE RET AVEO 07 D,GIVING,Chevrolet,Aveo,1600.0
VM-402GL,Glace,GLASSE RET AVEO 11 G,VIEW MAX,Chevrolet,Aveo,1600.0
VM-1818GR,Glace,GLASSE RET BERLINGO 12/PARTNER 13 D,VIEW MAX,Peugeot / Citroën,Partner / Berlingo,2600.0
VM-8118GHL,Glace,GLASSE RET BERLINGO 12/PARTNER 13 G,VIEW MAX,Peugeot / Citroën,Partner / Berlingo,2600.0
VM-8118GL,Glace,GLASSE RET BERLINGO 12/PARTNER 13 G,VIEW MAX,Peugeot / Citroën,Partner / Berlingo,2600.0
VM-8118GHR,Glace,GLASSE RET BERLINGO 12/PARTNER 13D,VIEW MAX,Peugeot / Citroën,Partner / Berlingo,2600.0
VM-118GR,Glace,GLASSE RET BERLINGO 96/PARTNER -96 D,VIEW MAX,Peugeot / Citroën,Partner / Berlingo,1700.0
VM-118GL,Glace,GLASSE RET BERLINGO 96/PARTNER -96 G,VIEW MAX,Peugeot / Citroën,Partner / Berlingo,1700.0
VM-115GR,Glace,GLASSE RET BOXER 94-99 D,VIEW MAX,Peugeot,Boxer,2500.0
CAR-002411,Glace,GLASSE RET BOXER DUCATO JUMPER G,,Citroën / Fiat / Peugeot,Jumper / Ducato / Boxer,2400.0
GLA-001,Glace,GLASSE RET BOXER G,,Peugeot,Boxer,2500.0
2K5,Glace,GLASSE RET CADDY 18-21 G+D,,Volkswagen,Caddy,3500.0
7701036390,Glace,GLASSE RET CAMPUS G,,,nan,1200.0
CAR-40256,Glace,GLASSE RET CLIO /MEGANE 95-14,,Renault,Clio / Megane,1600.0
VM-6136AGL,Glace,GLASSE RET CLIO 05 G,VIEW MAX,Renault,Clio,1900.0
530592001,Glace,GLASSE RET CLIO 09-12,,Renault,Clio,1800.0
GA4682,Glace,GLASSE RET CLIO 94,,Renault,Clio,1200.0
VM-6126GHR,Glace,GLASSE RET CLIO4 12 D,VIEW MAX,Renault,Clio 4,2300.0
530590107,Glace,GLASSE RET DUSTER 10-12/MICRA 10 G,GIVING,Dacia,Duster,1500.0
530590106,Glace,GLASSE RET DUSTER 10-12/MICRA 10 DEG D,GIVING,Dacia,Duster,1800.0
530510103,Glace,GLASSE RET EXPERT 08 D,,Peugeot,Expert,1900.0
VM-171NGR,Glace,GLASSE RET GOLF3 92 D,VIEW MAX,Volkswagen,Golf 3,1600.0
VM-171NGL,Glace,GLASSE RET GOLF3 92 G,VIEW MAX,Volkswagen,Golf 3,1600.0
CAR--202410,Glace,GLASSE RET GOLF4 98 G,CARMAN,Volkswagen,Golf 4,1900.0
VM-188AGHL,Glace,GLASSE RET GOLF4 98 G,VIEW MAX,Volkswagen,Golf 4,2500.0
VM-197GHR,Glace,GLASSE RET GOLF5 03/PASSAT 03 DEG D,VIEW MAX,Volkswagen,Golf 5 / Passat,2200.0
VM-197AGHL,Glace,GLASSE RET GOLF5 03/PASSAT 03 DEG G,VIEW MAX,Volkswagen,Golf 5 / Passat,2200.0
CAR-002423,Glace,GLASSE RET GOLF5 JETTA 05/10 PASSAT 03-10 G,CARMAN,Volkswagen,Golf 5 / Passat / Jetta,2400.0
CAR-002426,Glace,GLASSE RET GOLF6 /TOURAN 10-14 G,CARMAN,Volkswagen,Golf 6 / Touran,2400.0
5KO,Glace,GLASSE RET GOLF6 /TOURAN 10-14 G +D,,Volkswagen,Golf 6 / Touran,2200.0
VM-6197-AGHL,Glace,GLASSE RET GOLF6 08 G,VIEW MAX,Volkswagen,Golf 6,2100.0
2530217203,Glace,GLASSE RET GOLF6 08 G DEG G,GIVING,Volkswagen,Golf 6,2100.0
VM-6187GHR,Glace,GLASSE RET GOLF7 13 D,VIEW MAX,Volkswagen,Golf 7,2800.0
VM-9187AGHL,Glace,GLASSE RET GOLF7 13 D,VIEW MAX,Volkswagen,Golf 7,2800.0
3G0,Glace,GLASSE RET GOLF7 13 G,,Volkswagen,Golf 7,2500.0
VM-2219,Glace,GLASSE RET HILUX/VIGO D,,Toyota,Hilux / Hilux Vigo,2800.0
VM-2219,Glace,GLASSE RET HILUX/VIGO G,,Toyota,Hilux / Hilux Vigo,2800.0
VM-364GR,Glace,GLASSE RET IBIZA 08/12 D,,SEAT,Ibiza,2200.0
VM-364GL,Glace,GLASSE RET IBIZA 08/12 G,VIEW MAX,SEAT,Ibiza,2200.0
530241201,Glace,GLASSE RET IBIZA 08/12 G,GIVING,SEAT,Ibiza,1800.0
VM-6132AGR,Glace,GLASSE RET KANGOO 13 DEG D,VIEW MAX,Renault,Kangoo,2400.0
VM-6132AGHL,Glace,GLASSE RET KANGOO 13 DEG G,VIEW MAX,Renault,Kangoo,2400.0
VM-131GR,Glace,GLASSE RET KANGOO 98/EXPRESS 95 D,VIEW MAX,Renault,Kangoo / Express,1500.0
VM-137GR,Glace,GLASSE RET LAGUN 01-07 G,,,nan,1650.0
VM-366GHR,Glace,GLASSE RET LEON 09-D,VIEW MAX,SEAT,Leon,2500.0
CAR-002420,Glace,GLASSE RET LOGANE 08 D,,Dacia,Logan,1600.0
GLA-002,Glace,GLASSE RET MASTER G,,Renault,Master,2500.0
530522001,Glace,GLASSE RET MASTER TRAFIC /G D,,Renault,Master / Trafic,2400.0
VM-6138GHR,Glace,GLASSE RET MEGANE 08 D,VIEW MAX,Renault,Megane,2300.0
VM-6138AGHL,Glace,GLASSE RET MEGANE 08 G,VIEW MAX,Renault,Megane,2300.0
VM-6142GHR,Glace,GLASSE RET MEGANE 16-19/CLIO5 19-24 D,VIEW MAX,Renault,Megane,3200.0
VM-6142AGHL,Glace,GLASSE RET MEGANE 16-19/CLIO5 19-24 G,VIEW MAX,Renault,Megane,3200.0
VM-8118,Glace,GLASSE RET PARTNER RITER BELINGO 13,,Peugeot,Partner,2500.0
CAR-00241GR,Glace,GLASSE RET PARTNER RITER BELINGO DOBLO 12-24 D,,Fiat / Peugeot,Doblò / Partner,2800.0
CAR-00241GL,Glace,GLASSE RET PARTNER RITER BELINGO DOPLO 12-24 G,,Peugeot,Partner,2800.0
VM-6194AHGL,Glace,GLASSE RET PASSAT 10-15 G,VIEW MAX,Volkswagen,Passat,2800.0
VM-753GL,Glace,GLASSE RET PICANTO 07-10 G,,Kia,Picanto,1800.0
VM-754GR,Glace,GLASSE RET PICANTO 11 D,VIEW MAX,Kia,Picanto,2100.0
VM-754GL,Glace,GLASSE RET PICANTO 11 G,VIEW MAX,Kia,Picanto,2100.0
VM-377GR,Glace,GLASSE RET POLO 05 D,VIEW MAX,Volkswagen,Polo,1900.0
6Q,Glace,GLASSE RET POLO 05 D+G,,Volkswagen,Polo,1900.0
VM-377AGL,Glace,GLASSE RET POLO 05 G,VIEW MAX,Volkswagen,Polo,2100.0
VM-388GHR,Glace,GLASSE RET POLO 09 -18 DEG D,VIEW MAX,Volkswagen,Polo,2300.0
6RO,Glace,GLASSE RET POLO 09-18 G+D,,Volkswagen,Polo,1800.0
VM-6390GHR,Glace,GLASSE RET POLO 17 DEG D,VIEW MAX,Volkswagen,Polo,2500.0
VM-6390AGHL,Glace,GLASSE RET POLO 17 DEG G,VIEW MAX,Volkswagen,Polo,2500.0
VM-025GHR,Glace,GLASSE RET Q5 08/Q7 D,VIEW MAX,,nan,3200.0
SPILU,Glace,GLASSE RET R19 D,,Renault,R19,1500.0
RA-D,Glace,GLASSE RET RAPIDE,,,nan,2500.0
VM-144GR,Glace,GLASSE RET SAXO 96-106-306 D,,Citroën / Peugeot,Saxo / 106 / 306,1700.0
VM-144GL,Glace,GLASSE RET SAXO 96-106-306 G,,Citroën / Peugeot,Saxo / 106 / 306,1700.0
GIASAXO,Glace,GLASSE RET SAXO G,,Citroën,Saxo,1200.0
CAR-002424,Glace,GLASSE RET TIGUAN 07/17 G,CARMAN,Volkswagen,Tiguan,2400.0
VM-6157GHR,Glace,GLASSE RET TIPO 23 D,VIEW MAX,Fiat,Tipo,3200.0
VM-6157GHL,Glace,GLASSE RET TIPO 23 G,VIEW MAX,Fiat,Tipo,3200.0
5305222001,Glace,GLASSE RET TRAFIC 96-01/MASTER 98 DEG GM G/D,GIVING,Renault,Master / Trafic,1200.0
VM-6127GR,Glace,GLASSE RET TWINGO SYMBOLE 09 D,VIEW MAX,Renault,Symbol,1800.0
VM-6146GR,Glace,GLASSE RET XSARA 03-05 D,,Citroën,Xsara,1550.0
VM-116GR,Glace,GLASSE RETROVISEUR 306 D,VIEW MAX,Peugeot,306,1450.0
69365000SR,Glace,GLASSR RET MEGANE 3 D,,Renault,Megane,1800.0
579-118,Grille,GRILLE LOGAN 09-12 CH,CHINE,Dacia,Logan,2700.0
P-287/207-09120,Grille,GRILLE PCHOC 207 10 NOIR PHIRA 9120,,Peugeot,207,5500.0
PU-30813B,Grille,GRILLE PCHOC 308 13 ALLURE,,Peugeot,308,7200.0
PU-RSB2,Grille,GRILLE PCHOC CAMPUS 06-08 CENRT,,,nan,3300.0
16,Grille,GRILLE PCHOC LOGAN 05 G+D,,Dacia,Logan,1800.0
PU-DA-SANP4,Grille,GRILLE PCHOC SANDERO /STEPWAY 17,,Dacia,Sandero / Sandero Stepway,6500.0
PU-RSB39,Grille,GRILLE PCHOC SYMBOL 09 A/T,,Renault,Symbol,2500.0
PU-RSB5,Grille,GRILLE PCHOC SYMBOL 17,,Renault,Symbol,4500.0
DAC07LO026,Grille,GRILLE LOGAN/SANDURO 13,DEGA,Dacia,Logan,4500.0
INF207,Grille,GRILLE PARCHOC 207 06 SPORT INF,,Peugeot,207,7800.0
SUP207SPORT,Grille,GRILLE PARCHOC 207 06 SPORT SUP,,Peugeot,207,7800.0
GRICH,Grille,GRILLE PARCHOC 207 INF CHROME,,Peugeot,207,6800.0
GRI207IN,Grille,GRILLE PARCHOC 207 INF GRIS,,Peugeot,207,6800.0
GR207N,Grille,GRILLE PARCHOC 207 INF NOIR,,Peugeot,207,4200.0
GRIL207NO,Grille,GRILLE PARCHOC 207 SUP NOIR,,Peugeot,207,4500.0
GR207CO,Grille,GRILLE PARCHOC 207 SUPP CHROME,,Peugeot,207,6300.0
GR207,Grille,GRILLE PARCHOC 207 SUPP GRIS,,Peugeot,207,6200.0
GL307NVG,Grille,GRILLE PARCHOC 307 N/V CH,,Peugeot,307,5800.0
PU-20819,Grille,GRILLE PARCHOC AV 208 19,,Peugeot,208,6500.0
PU-30117,Grille,GRILLE PARCHOC AV 301 17,,Peugeot,301,6500.0
GREIBZ,Grille,GRILLE PARCHOC AV IBIZA 2012,,SEAT,Ibiza,4300.0
GRILC-IL,Grille,GRILLE PARCHOC C-ELYSSE,,,nan,3500.0
161020,Grille,GRILLE PARCHOC CLIO 4,ROOT,Renault,Clio 4,5500.0
PU-RCP1,Grille,GRILLE PARCHOC CLIO CAMPUS 09,,Renault,Clio,5900.0
AHO721-001,Grille,GRILLE PARCHOC CLIO CAMPUS 09-12,,Renault,Clio,3500.0
1PU-DA-LG-2,Grille,GRILLE PARCHOC LOGAN 09,,Dacia,Logan,2500.0
PEJ07PR047,Grille,GRILLE PARCHOC PARTNER 15 A/CAPTURE,DEGA,Peugeot,Partner,4200.0
PEJ07PR042,Grille,GRILLE PARCHOC PARTNER 15 S/CAPTURE,DEGA,Peugeot,Partner,4500.0
1PU-PT15,Grille,GRILLE PARCHOC PARTNER/BERLINGO 15,,Peugeot / Citroën,Partner / Berlingo,4500.0
6Q0,Grille,GRILLE PARCHOC POLO 05/10,,Volkswagen,Polo,2800.0
6R0853671,Grille,GRILLE PARCHOC POLO 09 A/CHOMI,,Volkswagen,Polo,4500.0
FTB7001693R,Grille,GRILLE PARCHOC SANDERO STEPWAY 2017,FTB,Dacia,Sandero Stepway / Sandero,3500.0
REN07CL046,Grille,GRILLE PARCHOC SYMBOL 09 FERME,DEGA,Renault,Symbol,3500.0
REN07CL047,Grille,GRILLE PARCHOC SYMBOL 09 OUVERT,DEGA,Renault,Symbol,3500.0
FTB7003229R,Grille,GRILLE PARCHOC SYMBOL 14 -16,,Renault,Symbol,3500.0
REN07CL220,Grille,GRILLE PARCHOC SYMBOL 17,DEGA,Renault,Symbol,4500.0
RS-579-562,Grille,GRILLE SYMBOL 13,,Renault,Symbol,3500.0
BZWD070A02,Jante,JANTE RENAULT 13/ 13*5,,,nan,5500.0
BZW005,Jante,JANTE RENAULT 14* 14*5 1/2 J,,,nan,6000.0
BZW082A04,Jante,JANTE RENAULT 15* 15*16,,,nan,6500.0
19507,Joint,JOINT MALL AM JMAM,,,nan,400.0
JMNM,Joint,JOINT MALL N/M,,,nan,900.0
19501,Joint,JOINT PORT AM JPAM,,,nan,400.0
JPNM,Joint,JOINT PORT N/M,,,nan,850.0
PHILIPS,Lampe,LAMPA H1,,,nan,500.0
NARVA,Lampe,LAMPA H27,,,nan,2500.0
STANDARD,Lampe,LAMPA H27W/2 ANTBER,,,nan,800.0
PHILIPS,Lampe,LAMPA H4,,,nan,850.0
PHILIPS,Lampe,LAMPA H7,,,nan,600.0
JN-B-018,Lampe,LAMPE MATRCULLE PARTNER B9-EXPER 3,,Peugeot,Partner,2200.0
LAVG,Lave-glace,LAVE GLACE,3-MAX,,nan,0.0
LAVG,Lave-glace,LAVE GLACE,3-MAX,,nan,300.0
LE308,LED,LED 308 PARTNER 08 B9,,Peugeot,Partner / 308,4500.0
LIQ-1,Liquide,LIQUIDE DE REFROIDISSEMENT - 1,3-MAX,,nan,300.0
LIQ-2,Liquide,LIQUIDE DE REFROIDISSEMENT - 2,3-MAX,,nan,600.0
LIQ-5,Liquide,LIQUIDE DE REFROIDISSEMENT - 5,3-MAX,,nan,850.0
PEJ0725001,Pare-choc,PARCHOC 205 EUROB,,Peugeot,205,4000.0
PG-206-03,Pare-choc,PARCHOC 206 NV A/A CH,,Peugeot,206,8500.0
LHT-2002-P,Pare-choc,PARCHOC 206 PLUS 12 APPRET S/ANTI LM,,Peugeot,206,7500.0
LHT-2033-P,Pare-choc,PARCHOC 206 S/ANTI APPRET VIDE LM,,Peugeot,206,5800.0
PH207,Pare-choc,PARCHOC 207 10,,Peugeot,207,14500.0
PH207S,Pare-choc,PARCHOC 207 SPORT,,Peugeot,207,17500.0
PH208-12,Pare-choc,PARCHOC 208 12 NOIR,,Peugeot,208,10500.0
P1-20812,Pare-choc,PARCHOC 208 12 NOIR,Pulo,Peugeot,208,15500.0
P120815Q,Pare-choc,PARCHOC 208 15 NOIR,Pulo,Peugeot,208,16500.0
PEJ0791001,Pare-choc,PARCHOC 301 12,,Peugeot,301,9500.0
PEJ03700ST,Pare-choc,PARCHOC 307 01 EUROB,,Peugeot,307,7500.0
FT06-0307F,Pare-choc,PARCHOC 405,,Peugeot,405,8500.0
FT-04-0407,Pare-choc,PARCHOC ACCENT 00 S/T,CHINE,Hyundai,Accent,6000.0
LJH02,Pare-choc,PARCHOC ACCENT GLS 2000+ AV,CHINE,Hyundai,Accent,5500.0
P2-30113,Pare-choc,PARCHOC AR 301 12 -22,Pulo,Peugeot,301,13500.0
PG120020000,Pare-choc,PARCHOC AR 301 12 NOIR,,Peugeot,301,11000.0
HY109-30A-AS,Pare-choc,PARCHOC AR ACCENT 12 4P RB,,Hyundai,Accent,11500.0
CV002020S00,Pare-choc,PARCHOC AR AVEO 07 NOIR,,Chevrolet,Aveo,8500.0
P2-RE1,Pare-choc,PARCHOC AR EXPRESS 85-91,Pulo,Renault,Express,10800.0
02/5051H,Pare-choc,PARCHOC AR GOLF4,,Volkswagen,Golf 4,9500.0
02/5051,Pare-choc,PARCHOC AR GOLF4 97-03 APRET,ITALI,Volkswagen,Golf 4,8500.0
REN07CL045,Pare-choc,PARCHOC AR SYMBOL 09 NOIR,,Renault,Symbol,10200.0
REN07CL103T,Pare-choc,PARCHOC AR SYMBOL LOGAN 13 EUROB,,Renault / Dacia,Symbol / Logan,11000.0
PAGOLF,Pare-choc,PARCHOC ARR GOLF6,,Volkswagen,Golf 6,11900.0
8009C,Pare-choc,PARCHOC ARRIER AVEO3 07,,,nan,7800.0
6R083677,Pare-choc,PARCHOC ARRIER POLO 2009 CH,,Volkswagen,Polo,10500.0
3309,Pare-choc,PARCHOC ARRIER SAIL 10,,Chevrolet,Sail,9500.0
F01-3008,Pare-choc,PARCHOC ATOS 05,,Hyundai,Atos,7000.0
02/4017,Pare-choc,PARCHOC AV 205 NOIR,ITALI,Peugeot,205,3000.0
PEJ0726006T,Pare-choc,PARCHOC AV 206 98 A/T,Pulo,Peugeot,206,6500.0
PEJ072600STP,Pare-choc,PARCHOC AV 206 98-06 CMPLET S/ANTI APPRT EUROB,,Peugeot,206,7800.0
PG112000020,Pare-choc,PARCHOC AV 207 09 A/T A/APPRE,,Peugeot,207,17000.0
111.09.9120,Pare-choc,PARCHOC AV 207 09 A/T A/APPRE 207-09200,Pulo,Peugeot,207,24000.0
P1-20812S-P,Pare-choc,PARCHOC AV 208 12 A/CAPTURE APPRET TW,Pulo,Peugeot,208,9500.0
P1-20812-P,Pare-choc,PARCHOC AV 208 12 A/CAPTURE NOIR TW,Pulo,Peugeot,208,9000.0
P1-30113,Pare-choc,PARCHOC AV 301 12 NOIR,Pulo,Peugeot,301,12500.0
P1-30117,Pare-choc,PARCHOC AV 301 17 NOIR,Pulo,Peugeot,301,16800.0
09-0701,Pare-choc,PARCHOC AV 301 COMPLET,,Peugeot,301,17500.0
02/4070,Pare-choc,PARCHOC AV 307 01-05GRIS,ITALI,Peugeot,307,9000.0
FT06-1307,Pare-choc,PARCHOC AV 307 05 APPRET CH,,Peugeot,307,7500.0
111.15.9120,Parchocav30808A/Appret,PARCHOCAV30808A/APPRET 308-08200,Pulo,Peugeot,308,23500.0
P1-30813AS,Pare-choc,PARCHOC AV 308 13 ACTIVE APRET,Pulo,Peugeot,308,15500.0
FT06-0307,Pare-choc,PARCHOC AV 405 CH,,Peugeot,405,7200.0
0111.16.9120,Parchocav40699A/Appret,PARCHOCAV40699A/APPRET 406-99200,Pulo,Peugeot,406,15500.0
HY109-24A-AS,Pare-choc,PARCHOC AV ACCENT 12 RB,,Hyundai,Accent,10500.0
FT-AV,Pare-choc,PARCHOC AV AVEO3 2007,,,nan,8000.0
02/4061,Pare-choc,PARCHOC AV BERLINGO PARTNER ORIGINE 2003-2006,ITALI,Peugeot / Citroën,Partner / Berlingo,8500.0
ELY-13200,Pare-choc,PARCHOC AV C-ELYSEE APPRET EUROB,,Citroën,C-Elysée,18500.0
1323111,Pare-choc,PARCHOC AV C3 09 APPRET A/T,Pulo,Citroën,C3,17500.0
100-18107,Pare-choc,PARCHOC AV CADDY 10-15 LIFE A/ APRET,POLIPLAST itl,Volkswagen,Caddy,15500.0
WOS07CD005T,Pare-choc,PARCHOC AV CADDY 10-15 NOIRE A/GRILLE,,Volkswagen,Caddy,15500.0
WOS07CD002T,Pare-choc,PARCHOC AV CADDY COMMERCIAL 04-10,,Volkswagen,Caddy,13700.0
P1-RSB2,Pare-choc,PARCHOC AV CAMPUS 06/08,Pulo,,nan,11500.0
P1-RCP1,Pare-choc,PARCHOC AV CAMPUS 09 NOIR,Pulo,,nan,32000.0
P1-RCM1,Pare-choc,PARCHOC AV CAMPUS 14 NOIR,Pulo,,nan,14500.0
REN07CLO7STP,Pare-choc,PARCHOC AV CLIO 12 APPRET EUROB,,Renault,Clio,11500.0
LHT-05027069-1,Pare-choc,PARCHOC AV CLIO 96,,Renault,Clio,9500.0
PGT27069-1,Pare-choc,PARCHOC AV CLIO 96,Pulo,Renault,Clio,13000.0
P1-DA-DUS3,Pare-choc,PARCHOC AV DUSTER 19-21,Pulo,Dacia,Duster,17000.0
P1-RE1,Pare-choc,PARCHOC AV EXPRESS 85-91,Pulo,Renault,Express,12500.0
13154,Pare-choc,PARCHOC AV GOLF2,,Volkswagen,Golf 2,16500.0
02/5025,Pare-choc,PARCHOC AV GOLF2 89-91-BEACH,ITALI,Volkswagen,Golf 2,15500.0
02/5021,Pare-choc,PARCHOC AV GOLF3 91-97,ITALI,Volkswagen,Golf 3,9800.0
02/5050,Pare-choc,PARCHOC AV GOLF4 97-03 APERT,ITALI,Volkswagen,Golf 4,8500.0
WOS07GO022P,Pare-choc,PARCHOC AV GOLF4 A/ANTI APPRET EUROB,,Volkswagen,Golf 4,9500.0
0908112,Pare-choc,PARCHOC AV GOLF5,Pulo,Volkswagen,Golf 5,8600.0
1K080217F/GRU,Pare-choc,PARCHOC AV GOLF5 A/SUPORET CH,,Volkswagen,Golf 5,9300.0
131.17.9120,Parchocavibiza12A/Appret,PARCHOCAVIBIZA12A/APPRET IB-12200,Pulo,,nan,25000.0
100-17115,Pare-choc,PARCHOC AV KANGOO 03-07 S/ANTI S/ SPO LERE,POLIPLAST,Renault,Kangoo,7700.0
100-17112,Pare-choc,PARCHOC AV KANGOO 08-12 S/ ANTI,POLIPLAST,Renault,Kangoo,11000.0
100-17126,Pare-choc,PARCHOC AV KANGOO 13-22 A/ANTI,POLIPLAST,Renault,Kangoo,16500.0
REN07KA001T,Pare-choc,PARCHOC AV KANGOO 98 NOIR EUROB,,Renault,Kangoo,7800.0
131.19.9120,Parchocavleon13-16Fra/Appret,PARCHOCAVLEON13-16FRA/APPRET LE-12204,Pulo,,nan,35000.0
P1-DA-LG26,Pare-choc,PARCHOC AV LOGAN 09 NOIRE A/T,Pulo,Dacia,Logan,8300.0
LHT-410,Pare-choc,PARCHOC AV LOGAN 09-13 A/T NOIR,,Dacia,Logan,8500.0
LHT-409,Pare-choc,PARCHOC AV LOGAN 09-13 S/T NOIR,,Dacia,Logan,8500.0
DAC07LO019T,Pare-choc,PARCHOC AV LOGAN MCV A/ANTI 09 EUROB,,Dacia,Logan,8700.0
DAC07LO004T,Pare-choc,PARCHOC AV LOGAN MCV S/ANTI 09 EUROB,,Dacia,Logan,8200.0
100-17102,Pare-choc,PARCHOC AV MASTER 03-09,POLIPLAST,Renault,Master,12500.0
P1-R09,Pare-choc,PARCHOC AV MEGANE 14 NOIR,,Renault,Megane,19800.0
P1-R035,Pare-choc,PARCHOC AV MEGANE 96-99,Pulo,Renault,Megane,10500.0
P1-R04,Pare-choc,PARCHOC AV MEGANE 99-02,Pulo,Renault,Megane,11000.0
REN07ME003T,Pare-choc,PARCHOC AV MEGANE 99-02 A/ANT NOIR EUROB,,Renault,Megane,9500.0
P1-R09,Pare-choc,PARCHOC AV NEGANE 14 NORE,Pulo,,nan,17500.0
PAPART,Pare-choc,PARCHOC AV PARTNER /BERLINGO 08 A/T,,Peugeot / Citroën,Partner / Berlingo,10600.0
P1-PT18,Pare-choc,PARCHOC AV PARTNER /BERLINGO 18-22 /DOBLO 23 NOIR,Pulo,Fiat / Peugeot / Citroën,Doblò / Partner / Berlingo,4000.0
PEJ07PR040,Pare-choc,PARCHOC AV PARTNER 15 A/ANTI NOIR EUROB,,Peugeot,Partner,12500.0
100.10116,Pare-choc,PARCHOC AV PARTNER/BERLINGO 02-08 A/ANT,POLIPLAST,Peugeot / Citroën,Partner / Berlingo,8500.0
PEJ207PR007T,Pare-choc,PARCHOC AV PARTNER/BERLINGO 03 S/ANTI EUROB,,Peugeot / Citroën,Partner / Berlingo,9000.0
PEJ07PR015T,Pare-choc,PARCHOC AV PARTNER/BERLINGO 08 A/ANTI EUROB,,Peugeot / Citroën,Partner / Berlingo,11000.0
100-10123,Pare-choc,PARCHOC AV PARTNER/BERLINGO 08 S/ANT,POLIPLAST,Peugeot / Citroën,Partner / Berlingo,9500.0
PFEJ07PR013T,Pare-choc,PARCHOC AV PARTNER/BERLINGO 08 S/ANTI EUROB,,Peugeot / Citroën,Partner / Berlingo,10700.0
100-10126,Pare-choc,PARCHOC AV PARTNER/BERLINGO 08 A/T NOIR TEPEE,POLIPLAST,Peugeot / Citroën,Partner / Berlingo,13500.0
100-10133,Pare-choc,PARCHOC AV PARTNER/BERLINGO 15-19 NOIR,POLIPLAST,Peugeot / Citroën,Partner / Berlingo,13500.0
PEJ07PR001T,Pare-choc,PARCHOC AV PARTNER/BERLINGO 96 EUROB,,Peugeot / Citroën,Partner / Berlingo,9700.0
KA000000020,Pare-choc,PARCHOC AV PICANTO 04-07 APPRET NOIRE A/T,Pulo,Kia,Picanto,7500.0
KA001000000,Pare-choc,PARCHOC AV PICANTO 08-11 APPRET NOIRE A/T,Pulo,Kia,Picanto,10500.0
1308C,Pare-choc,PARCHOC AV PICANTO 2 A/N 2008 CH,,Kia,Picanto,8500.0
1308D,Pare-choc,PARCHOC AV PICANTO POP 2011 CH,,Kia,Picanto,7500.0
VG101000000,Pare-choc,PARCHOC AV POLO 02 APPRT,,Volkswagen,Polo,14500.0
WOS07PO012T,Pare-choc,PARCHOC AV POLO 05 APPRET EUROB,,Volkswagen,Polo,9700.0
WOS07PO040T,Pare-choc,PARCHOC AV POLO 09 APPRET EUROB,,Volkswagen,Polo,9700.0
WOS07PO082,Pare-choc,PARCHOC AV POLO 14 APPRET EUROB,,Volkswagen,Polo,9700.0
CVB091NA,Pare-choc,PARCHOC AV SAIL 09,,Chevrolet,Sail,11000.0
F02-3308,Pare-choc,PARCHOC AV SAIL 2010 CH,,Chevrolet,Sail,8500.0
P1-DA-SANP4,Pare-choc,PARCHOC AV SANDERO /STEPWAY 17NOIR,Pulo,Dacia,Sandero / Sandero Stepway,15500.0
P1-DA-SAN16,Pare-choc,PARCHOC AV SANDERO 09 A/T,Pulo,Dacia,Sandero,11500.0
P1-R04W,Pare-choc,PARCHOC AV SCENIC 99 NOIR,Pulo,Renault,Scenic,9500.0
FT-SPAR,Pare-choc,PARCHOC AV SPAREK 2005 MATIZ CH,,Chevrolet,Matiz,7500.0
REN07CL125,Pare-choc,PARCHOC AV SYMBOL 09 A/ANTI EUROB,,Renault,Symbol,11000.0
P1-RSB3,Pare-choc,PARCHOC AV SYMBOL 09 NOIR VIDE,Pulo,Renault,Symbol,8500.0
P1-RSB4,Pare-choc,PARCHOC AV SYMBOL 13 NOIR,Pulo,Renault,Symbol,10000.0
REN07CL093T,Pare-choc,PARCHOC AV SYMBOL 13 NOIR EUROB,,Renault,Symbol,12500.0
P1-RSB5,Pare-choc,PARCHOC AV SYMBOL 17 MATTE/NOIR,Pulo,Renault,Symbol,11500.0
REN07CL140,Pare-choc,PARCHOC AV SYMBOLE 17 NOIR,DEGA,Renault,Symbol,12500.0
CV002200000,Pare-choc,PARCHOC AVEO SEDEN 07,,Chevrolet,Aveo,8500.0
REN07CL00ST,Pare-choc,PARCHOC CLIO 01 S/ANTI CMPLET APPRT EUROB,,Renault,Clio,8500.0
02/3623,Pare-choc,PARCHOC CLIO 98-01 AVEC SPOILER,ITALI,Renault,Clio,11500.0
YN001-1545,Pare-choc,PARCHOC CLIO CAMPUSE 2009 CH,CHINE,Renault,Clio,23000.0
P1-RC7,Pare-choc,PARCHOC CLIO4 13 NOIR,Pulo,Renault,Clio 4,11500.0
FIA075SC001,Pare-choc,PARCHOC EXPERT 94 EUROB,,Peugeot,Expert,16500.0
P1-RE2,Pare-choc,PARCHOC EXPRESS 95,Pulo,Renault,Express,12500.0
PX-92Z1,Pare-choc,PARCHOC EXPRESS 95,,Renault,Express,9500.0
PZ105P-001,Pare-choc,PARCHOC GOLF5 GT JETTA,,Volkswagen,Golf 5 / Jetta,10800.0
PHCGOL,Pare-choc,PARCHOC GOLF6,,Volkswagen,Golf 6,9800.0
6J217AT,Pare-choc,PARCHOC IBIZA 12,,SEAT,Ibiza,17500.0
P1-RE7S,Pare-choc,PARCHOC KANGOO 10 APPRET PREVILEGE,Pulo,Renault,Kangoo,15800.0
DAC07LO032,Pare-choc,PARCHOC LOGAN 14 EUROB,,Dacia,Logan,9800.0
P1-DA-LG3,Pare-choc,PARCHOC LOGAN/MCV/ SANDDRE 13 NOIR,Pulo,Dacia,Logan,9500.0
PARCHPLO,Pare-choc,PARCHOC POLO 05 CH,,Volkswagen,Polo,9800.0
6R08221R,Pare-choc,PARCHOC POLO 09 CH,,Volkswagen,Polo,9500.0
POPAE,Pare-choc,PARCHOC POLO 2010 AVEC LAVE PHARE,,Volkswagen,Polo,9800.0
REN0719001T,Pare-choc,PARCHOC R19 N/M NOIR EUROB,,Renault,R19,8200.0
PAHSAN,Pare-choc,PARCHOC SANDERO 09 S/T,,Dacia,Sandero,9500.0
PHSAND,Pare-choc,PARCHOC SANDERO STEPWAY 17 AV,,Dacia,Sandero Stepway / Sandero,13500.0
REN,Pare-choc,PARCHOC SYMBOL 09 NOIR,,Renault,Symbol,7900.0
REN07CL931,Pare-choc,PARCHOC SYMBOL 13 NO,Pulo,Renault,Symbol,11500.0
P1-RSB44,Pare-choc,PARCHOC SYMBOL 13 NOIR,Pulo,Renault,Symbol,13500.0
PEJ1526001,Passage de roue,PASSAGE DE ROUE 206 D,DEGA,Peugeot,206,2500.0
PEJ1527001,Passage de roue,PASSAGE DE ROUE 207 D,DEGA,Peugeot,207,2800.0
PEJ1527007,Passage de roue,PASSAGE DE ROUE 207 G,DEGA,Peugeot,207,2800.0
PZJ1528001,Passage de roue,PASSAGE DE ROUE 208 D,DEGA,Peugeot,208,2800.0
PEJ152802,Passage de roue,PASSAGE DE ROUE 208 G,DEGA,Peugeot,208,2800.0
PEJ1538001,Passage de roue,PASSAGE DE ROUE 308 D,DEGA,Peugeot,308,2500.0
550-1113R-LD-EM,Phare,PHARE 106 92-95 D,DEPO,Peugeot,106,6800.0
550-1113L-LD-EM,Phare,PHARE 106 92-95 G,DEPO,Peugeot,106,6800.0
550-1117R-LD-E,Phare,PHARE 106 96 D,DEPO,Peugeot,106,10200.0
550-1117L-LD-E,Phare,PHARE 106 96 G,DEPO,Peugeot,106,10200.0
710175,Phare,PHARE 206 03 D,MAD,Peugeot,206,6500.0
550-1121R-LD-EM,Phare,PHARE 206 03 D,DEPO,Peugeot,206,10500.0
PH206R,Phare,PHARE 206 03 D,,Peugeot,206,7000.0
FT06-0101B1R,Phare,PHARE 206 03 D,,Peugeot,206,5700.0
06-0101B1R,Phare,PHARE 206 03 D,,Peugeot,206,6500.0
303330,Phare,PHARE 206 03 D,AYFAR,Peugeot,206,7000.0
710185,Phare,PHARE 206 03 G,MAD,Peugeot,206,6500.0
550-1121L-LD-EM,Phare,PHARE 206 03 G,DEPO,Peugeot,206,10500.0
06-0101B1L,Phare,PHARE 206 03 G,,Peugeot,206,7000.0
FT06-0101B1L,Phare,PHARE 206 03 G,,Peugeot,206,5700.0
303331,Phare,PHARE 206 03 G,AYFAR,Peugeot,206,7000.0
20-6155-05-2B,Phare,PHARE 206 2002-2005 D,TYC,Peugeot,206,9500.0
20-6155-05-2A,Phare,PHARE 206 2002-2005 G,TYC,Peugeot,206,9500.0
550-1120R-LD-EM,Phare,PHARE 206 98 D,DEPO,Peugeot,206,8800.0
550-1120L-LD-EM,Phare,PHARE 206 98 G,DEPO,Peugeot,206,8800.0
550-1141R-LD-EM,Phare,PHARE 207 06-12 D,DEPO,Peugeot,207,19800.0
550-1141L-LD-EM,Phare,PHARE 207 06-12 G,DEPO,Peugeot,207,19800.0
CL43-0201,Phare,PHARE 207 D,car life,Peugeot,207,14500.0
CL43-0201,Phare,PHARE 207 G,car life,Peugeot,207,13500.0
550-1154R-LD-EM,Phare,PHARE 208 12 D,DEPO,Peugeot,208,22500.0
PH208L,Phare,PHARE 208 12 G,,Peugeot,208,15200.0
550-1154L-LD-EM,Phare,PHARE 208 12 G,DEPO,Peugeot,208,22500.0
PH208R,Phare,PHARE 208 D,,Peugeot,208,15200.0
303336,Phare,PHARE 301 13 D,AYFAR,Peugeot,301,10500.0
CL09-0201,Phare,PHARE 301 13 D,car life,Peugeot,301,9000.0
303337,Phare,PHARE 301 13 G,AYFAR,Peugeot,301,10500.0
CL09-0201,Phare,PHARE 301 G,car life,Peugeot,301,9000.0
550-1114L-LD-E,Phare,PHARE 306 93 AM G,DEPO,Peugeot,306,8000.0
550-1124R-LD-EM,Phare,PHARE 306 99 CHROME D,DEPO,Peugeot,306,11500.0
550-1124L-LD-EM,Phare,PHARE 306 99 CHROME G,DEPO,Peugeot,306,11500.0
06-1901R,Phare,PHARE 306 99 D,,Peugeot,306,9500.0
06-1901L,Phare,PHARE 306 G,,Peugeot,306,9000.0
PH306,Phare,PHARE 306 HDI D,,Peugeot,306,9200.0
PH306,Phare,PHARE 306 HDI G,,Peugeot,306,9200.0
550-1128R-LD-EM,Phare,PHARE 307 01 D,DEPO,Peugeot,307,17500.0
R-088033,Phare,PHARE 307 01 D,,Peugeot,307,12500.0
L-088033,Phare,PHARE 307 01 G,,Peugeot,307,12500.0
550-1128L-LD-EM,Phare,PHARE 307 01 G,DEPO,Peugeot,307,17500.0
550-1137R-LD-EM,Phare,PHARE 307 05-06 D,DEPO,Peugeot,307,22800.0
550-1137L-LD-EM,Phare,PHARE 307 05-06 G,DEPO,Peugeot,307,22800.0
HEA307D,Phare,PHARE 307 06 D,,Peugeot,307,15500.0
HEA307G,Phare,PHARE 307 06 G,,Peugeot,307,14500.0
JX-T63-001L,Phare,PHARE 307 06 G,,Peugeot,307,14500.0
JX-T63-001R,Phare,PHARE 307 06 G,,Peugeot,307,14500.0
550-1144LMLD-EM,Phare,PHARE 308 07-10 G,DEPO,Peugeot,308,22000.0
308,Phare,PHARE 308 09 D,,Peugeot,308,16000.0
308,Phare,PHARE 308 09 G,,Peugeot,308,16000.0
550-1161RMLDEM,Phare,PHARE 308 13 D,DEPO,Peugeot,308,23500.0
551-1161LMDEM,Phare,PHARE 308 13 G,DEPO,Peugeot,308,23500.0
550-1105R-LD-E,Phare,PHARE 309 89-93 D,DEPO,Peugeot,309,8300.0
550-1105L-LD-E,Phare,PHARE 309 89-93 G,DEPO,Peugeot,309,8300.0
FT06-0301AR,Phare,PHARE 405 87-96 D,,Peugeot,405,3800.0
FT06-0301AL,Phare,PHARE 405 87-96 D,,Peugeot,405,3800.0
303307,Phare,PHARE 405 87-96 D,AYFAR,Peugeot,405,6000.0
405,Phare,PHARE 405 87-96 D,CHINE,Peugeot,405,4500.0
303308,Phare,PHARE 405 87-96 G,AYFAR,Peugeot,405,6000.0
405..,Phare,PHARE 405 87-96 G,CHINE,Peugeot,405,4500.0
06-0301AR,Phare,PHARE 405 D,,Peugeot,405,4800.0
06-0301AL,Phare,PHARE 405 G,,Peugeot,405,4800.0
550-1116L-LD-EM,Phare,PHARE 406 96 G,DEPO,Peugeot,406,14500.0
PH406,Phare,PHARE 406 99 HDI D,,Peugeot,406,10800.0
PH406,Phare,PHARE 406 99 HDI G,,Peugeot,406,10800.0
550-1123R-LD-EM,Phare,PHARE 406 99-00 D,DEPO,Peugeot,406,13500.0
550-1123L-LD-EM,Phare,PHARE 406 99-00 G,DEPO,Peugeot,406,13500.0
06-1401R,Phare,PHARE 406 HDI D,,Peugeot,406,9500.0
06-1401L,Phare,PHARE 406 HDI G,,Peugeot,406,9500.0
303313/14,Phare,PHARE 504 G,CHINE,Peugeot,504,4200.0
303313/15,Phare,PHARE 504 JUNE,CHINE,Peugeot,504,4200.0
550-1104R-LD,Phare,PHARE 505 79-92 D,DEPO,Peugeot,505,7000.0
550-1104L-LD,Phare,PHARE 505 79-92 G,DEPO,Peugeot,505,7000.0
221-1116R-LD-EM,Phare,PHARE ACCENT 00-02 D,DEPO,Hyundai,Accent,8200.0
FT04-0201A-01R,Phare,PHARE ACCENT 00-02 D,,Hyundai,Accent,4800.0
404480,Phare,PHARE ACCENT 00-02 D,AYFAR,Hyundai,Accent,6000.0
0221-1116L-LD-EM,Phare,PHARE ACCENT 00-02 G,DEPO,Hyundai,Accent,8200.0
404481,Phare,PHARE ACCENT 00-02 G,AYFAR,Hyundai,Accent,6000.0
FT04-0201A-01L,Phare,PHARE ACCENT 00-02 G,,Hyundai,Accent,4800.0
221-1183R-LD-E2,Phare,PHARE ACCENT RB 15-18 D,DEPO,Hyundai,Accent,13500.0
221-1183L-LD-E2,Phare,PHARE ACCENT RB 15-18 G,DEPO,Hyundai,Accent,13500.0
221-1133R-LD-ED,Phare,PHARE ATOS 04 D,DEPO,Hyundai,Atos,11000.0
HF01-3001R,Phare,PHARE ATOS 04 D,,Hyundai,Atos,5700.0
PHRATO,Phare,PHARE ATOS 04 D,,Hyundai,Atos,5800.0
221-1133L-LD-EM,Phare,PHARE ATOS 04 G,DEPO,Hyundai,Atos,11000.0
HF01-3001L,Phare,PHARE ATOS 04 G,,Hyundai,Atos,5700.0
PHRATO,Phare,PHARE ATOS 04 G,,Hyundai,Atos,5800.0
PHRAVO,Phare,PHARE AVEO 06-08 HB D,,Chevrolet,Aveo,6800.0
222-1112R-LDEM2,Phare,PHARE AVEO 06-08 HB D,DEPO,Chevrolet,Aveo,12000.0
PHRAVOL,Phare,PHARE AVEO 06-08 HB G,,Chevrolet,Aveo,6800.0
222-1112L-LDEM2,Phare,PHARE AVEO 06-08 HB G,DEPO,Chevrolet,Aveo,12000.0
235-1104R-LD-E,Phare,PHARE AVEO 07-10 SDN D,DEPO,Chevrolet,Aveo,11500.0
235-1104L-LD-E,Phare,PHARE AVEO 07-10 SDN G,DEPO,Chevrolet,Aveo,11500.0
8001CL,Phare,PHARE AVEO 3 G,,Chevrolet,Aveo,6500.0
8001,Phare,PHARE AVEO 3D,,Chevrolet,Aveo,6500.0
HF02-4001BR,Phare,PHARE AVEO SPORT 09 D,,Chevrolet,Aveo,7500.0
HF02-4001BL,Phare,PHARE AVEO SPORT 09 G,,Chevrolet,Aveo,7500.0
552-1129LMLD-EM,Phare,PHARE BERLINGO 08-11 PARTNER 15 TOLA G,DEPO,Peugeot / Citroën,Partner / Berlingo,18500.0
PHABEPAR,Phare,PHARE BERLINGO 12 +PARTNER 15 VIT NOIR D,,Peugeot / Citroën,Partner / Berlingo,16500.0
PHBER,Phare,PHARE BERLINGO 12 +PARTNER 15 VIT NOIR G,,Peugeot / Citroën,Partner / Berlingo,16500.0
552-1110R-LD-EM,Phare,PHARE BERLINGO 96 D,DEPO,Citroën,Berlingo,9000.0
552-1110L-LD-EM,Phare,PHARE BERLINGO 96 G,DEPO,Citroën,Berlingo,9000.0
505639,Phare,PHARE BERLINGO/PARTNER 02-08 G,AYFAR,Citroën / Peugeot,Berlingo / Partner,10500.0
505640,Phare,PHARE BERLINGO/PARTNER 02-08 G,AYFAR,Citroën / Peugeot,Berlingo / Partner,10500.0
552-1141LMLD-EM,Phare,PHARE BERLNINGO 12 G,DEPO,,nan,19000.0
505200,Phare,PHARE BOXER 03 D,AYFAR,Peugeot,Boxer,11800.0
505201,Phare,PHARE BOXER 03 G,AYFAR,Peugeot,Boxer,11800.0
552-1142R-LD-EM,Phare,PHARE C-ELYSEE 13 D,DEPO,Citroën,C-Elysée,15500.0
552-1142L-LD-EM,Phare,PHARE C-ELYSEE 13 G,DEPO,Citroën,C-Elysée,15500.0
552-1117R-LD-EM,Phare,PHARE C3 01-09 D,DEPO,Citroën,C3,16000.0
552-1117L-LD-EM,Phare,PHARE C3 01-09 G,DEPO,Citroën,C3,16000.0
PHCA,Phare,PHARE CADDY 10 VITRE D,,Volkswagen,Caddy,19700.0
PHCAL,Phare,PHARE CADDY 10 VITRE G,,Volkswagen,Caddy,19700.0
2K-5941006AR,Phare,PHARE CADDY 2010 TOLA D,,Volkswagen,Caddy,17500.0
5K5941006AL,Phare,PHARE CADDY 2010 TOLA G,,Volkswagen,Caddy,17500.0
2K0,Phare,PHARE CADDY LIFE 2004 D,,Volkswagen,Caddy,11500.0
2K0,Phare,PHARE CADDY LIFE 2004 G,,Volkswagen,Caddy,11500.0
DW040060002,Phare,PHARE CIELO 96 D,,Daewoo,Cielo,5800.0
DW040060001,Phare,PHARE CIELO 96 G,,Daewoo,Cielo,5800.0
202256,Phare,PHARE CLIO 01 CHROME D,AYFAR,Renault,Clio,8500.0
202257,Phare,PHARE CLIO 01 CHROME G,AYFAR,Renault,Clio,8500.0
07/1001B2L,Phare,PHARE CLIO 01 G,,Renault,Clio,6800.0
XF711-003B,Phare,PHARE CLIO 01 NOIR D,CHINE,Renault,Clio,7500.0
202233,Phare,PHARE CLIO 01 NOIR D,AYFAR,Renault,Clio,6800.0
551-1138R-UE,Phare,PHARE CLIO 01 NOIR D,DEPO,Renault,Clio,11000.0
FT-07-0101B2L,Phare,PHARE CLIO 01 NOIR G,,Renault,Clio,6000.0
202234,Phare,PHARE CLIO 01 NOIR G,AYFAR,Renault,Clio,7500.0
XF711-003A,Phare,PHARE CLIO 01 NOIR G,CHINE,Renault,Clio,7500.0
07-0101B2R,Phare,PHARE CLIO 01 NOIRE D,,Renault,Clio,6800.0
07-0101B2L,Phare,PHARE CLIO 01 NOIRE G,,Renault,Clio,6800.0
202320,Phare,PHARE CLIO 04 12 D,AYFAR,Renault,Clio,15300.0
202321,Phare,PHARE CLIO 04 12 G,AYFAR,Renault,Clio,15500.0
07-0101AR,Phare,PHARE CLIO 96 D,,Renault,Clio,6200.0
FT07-0101AR,Phare,PHARE CLIO 96 D,,Renault,Clio,6000.0
07-0101AL,Phare,PHARE CLIO 96 G,,Renault,Clio,6200.0
FT07-0101AL,Phare,PHARE CLIO 96 G,,Renault,Clio,6000.0
FT07-0301AD,Phare,PHARE CLIO 98 D,CHINE,Renault,Clio,5500.0
07-0301AL,Phare,PHARE CLIO 98 G,,Renault,Clio,5500.0
07-0301AR,Phare,PHARE CLIO 98 G,,Renault,Clio,5500.0
FT07-0301AG,Phare,PHARE CLIO 98 G,CHINE,Renault,Clio,5500.0
750210,Phare,PHARE CLIO 98 SIMPLE D,MAD,Renault,Clio,6500.0
551-1130L-LD-EM,Phare,PHARE CLIO 98 SIMPLE D,DEPO,Renault,Clio,8300.0
750220,Phare,PHARE CLIO 98 SIMPLE G,MAD,Renault,Clio,6500.0
551-1130-LD-EM,Phare,PHARE CLIO 98SIMPLE G,DEPO,Renault,Clio,8300.0
551-11A1R-LD-E2,Phare,PHARE CLIO CAMPUS NM 14 D,DEPO,Renault,Clio,15500.0
551-11A1L-LD-EM,Phare,PHARE CLIO CAMPUS NM 14 G,DEPO,Renault,Clio,15500.0
551-1179L-LEMN1,Phare,PHARE CLIO3 09 CHROME D,DEGA,Renault,Clio 3,19500.0
551-1179R-LEMN1,Phare,PHARE CLIO3 09 CHROME G,DEPO,Renault,Clio 3,19500.0
551-1180R-LDEM2,Phare,PHARE CLIO3 09 NOIRE/LOPE D,DEPO,Renault,Clio 3,21000.0
551-1180L-LDEM2,Phare,PHARE CLIO3 09 NOIRE/LOPE G,DEPO,Renault,Clio 3,21000.0
112-1122R-LD-EM,Pharecorolla08-09D,PHARECOROLLA08-09D,DEPO,,nan,14500.0
112-1122L-LD-EM,Pharecorolla08-09G,PHARECOROLLA08-09G,DEPO,,nan,14500.0
21,Phare,PHARE DE PHARE ZEN D,,,nan,1250.0
551-1186R-LDEM1,Phare,PHARE DUSTER 10 CHROME D,DEPO,Dacia,Duster,13500.0
551-1186L-LDEM1,Phare,PHARE DUSTER 10 CHROME G,DEPO,Dacia,Duster,13500.0
XF703-020B,Phare,PHARE DUSTER 10 NOIR G+D,,Dacia,Duster,8500.0
710530,Phare,PHARE DUSTER 13-14 D,MAD,Dacia,Duster,9200.0
710540,Phare,PHARE DUSTER13-14 G,MAD,,nan,9200.0
HF01-3001CR,Phare,PHARE EON D,,Hyundai,Eon,9000.0
HF01-3001CL,Phare,PHARE EON G,,Hyundai,Eon,9000.0
07-1801AR,Phare,PHARE EXPRESS 95 D,,Renault,Express,4800.0
07-1801AL,Phare,PHARE EXPRESS 95 G,,Renault,Express,4800.0
PHR,Phare,PHARE EXPRESSE 91 D,,,nan,5200.0
202225,Phare,PHARE EXPRESSE 91 D,AYFAR,,nan,4500.0
700610,Phare,PHARE EXPRESSE 95 D,MAD,,nan,4500.0
700620,Phare,PHARE EXPRESSE 95 G,MAD,,nan,4500.0
202228,Phare,PHARE EXPRESSE 95 G,AYFAR,,nan,4800.0
PHREX,Phare,PHARE EXPRESSE 95 G,,,nan,5200.0
PHARGOLF,Phare,PHARE GOLF 6 D,,Volkswagen,Golf 6,14300.0
PHAGOLF6,Phare,PHARE GOLF 6 G,,Volkswagen,Golf 6,14300.0
441-1106N-EH,Phare,PHARE GOLF2 84 G/D,DEPO,Volkswagen,Golf 2,5000.0
303376,Phare,PHARE GOLF4 98 D,AYFAR,Volkswagen,Golf 4,7800.0
441-1130L-LD-EM,Phare,PHARE GOLF4 98 G,DEPO,Volkswagen,Golf 4,11000.0
303377,Phare,PHARE GOLF4 98 G,AYFAR,Volkswagen,Golf 4,7800.0
1K69030P,Phare,PHARE GOLF5 CHROMI D,,Volkswagen,Golf 5,13500.0
1K69029P,Phare,PHARE GOLF5 CHROMI G,,Volkswagen,Golf 5,13500.0
1K69030T,Phare,PHARE GOLF5 NOIRE D,,Volkswagen,Golf 5,13500.0
1K69026T,Phare,PHARE GOLF5 NOIRE G,,Volkswagen,Golf 5,13500.0
HF01-3601D,Phare,PHARE GRAN I10 2014 D,,Hyundai,i10,9500.0
HF01-3601D,Phare,PHARE GRAN I10 2014 G,,Hyundai,i10,9500.0
221-1135L-LD-E,Phare,PHARE H100 04 G,DEPO,Hyundai,H-100,15500.0
221-1135R-LD-E2,Phare,PHARE H100 14 NOIR D,DEPO,Hyundai,H-100,15500.0
212-11G9R-LD-EM,Phare,PHARE HILUX VIGO 04 ORANGE D,DEPO,Toyota,Hilux / Hilux Vigo,13500.0
212-11G9L-LD-EM,Phare,PHARE HILUX VIGO 04 ORANGE G,DEPO,Toyota,Hilux / Hilux Vigo,13500.0
HF01-3601CR,Phare,PHARE I10 2011 D,,Hyundai,i10,9500.0
HF01-3601CL,Phare,PHARE I10 2011 G,,Hyundai,i10,9500.0
445-1131R-LDEM1,Phare,PHARE IBIZA 12 D,DEPO,SEAT,Ibiza,21500.0
445-1131L-LDEM1,Phare,PHARE IBIZA 12 G,DEPO,SEAT,Ibiza,21500.0
551-1145-LDEMC,Phare,PHARE KANGO 03-07 BLANC D,DEPO,Renault,Kangoo,10500.0
PHKAN,Phare,PHARE KANGO 97,,Renault,Kangoo,7500.0
PHKAN,Phare,PHARE KANGO 97 G,,Renault,Kangoo,7500.0
KANGO,Phare,PHARE KANGO D,CHINE,Renault,Kangoo,6500.0
KANGO..,Phare,PHARE KANGO G,CHINE,Renault,Kangoo,6500.0
202240,Phare,PHARE KANGOO 03-07 BLANC D,AYFAR,Renault,Kangoo,7700.0
202241,Phare,PHARE KANGOO 03-07 BLANC G,AYFAR,Renault,Kangoo,7700.0
551-1176R-LD-EM,Phare,PHARE KANGOO 08- 13 NOIR D,DEPO,Renault,Kangoo,16500.0
55-1176L-LD-EM,Phare,PHARE KANGOO 08- 13 NOIR G,DEPO,Renault,Kangoo,16500.0
551-11A4R-LDEM2,Phare,PHARE KANGOO 13 - 22 NOIR D,DEPO,Renault,Kangoo,15500.0
551-11A4L-LDEM2,Phare,PHARE KANGOO 13 -22 NOIR G,DEPO,Renault,Kangoo,15500.0
551-1127L-LD-EM,Phare,PHARE KANGOO 98 G ORANGE,DEPO,Renault,Kangoo,9500.0
551-1127RLD-EM,Phare,PHARE KANGOO 98 ORANGE D,DEPO,Renault,Kangoo,9500.0
551-1120R-LD-EM,Phare,PHARE LAGUNA 94 D,DEPO,Renault,Laguna,9800.0
551-1120L-LD-EM,Phare,PHARE LAGUNA 94 G,DEPO,Renault,Laguna,9800.0
551-1132R-LD-EM,Phare,PHARE LAGUNA 99 D,DEPO,Renault,Laguna,11000.0
551-1132L-LD-EM,Phare,PHARE LAGUNA 99 G,DEPO,Renault,Laguna,11000.0
RE-579-002L,Phare,PHARE LOGAN 04,CHINE,Dacia,Logan,6500.0
551-1153R-LD-EM,Phare,PHARE LOGAN 04 D,DEPO,Dacia,Logan,7800.0
551-1153L-LD-EM,Phare,PHARE LOGAN 04 G,DEPO,Dacia,Logan,7800.0
RS-579-002R,Phare,PHARE LOGAN 04 R,CHINE,Dacia,Logan,6500.0
RS-579-102R,Phare,PHARE LOGAN 09 D,,Dacia,Logan,6500.0
404510,Phare,PHARE LOGAN 09 D,,Dacia,Logan,7000.0
551-1174R-LD-EM,Phare,PHARE LOGAN 09 D,DEPO,Dacia,Logan,11000.0
404511,Phare,PHARE LOGAN 09 G,,Dacia,Logan,7000.0
RS-579-102L,Phare,PHARE LOGAN 09 G,,Dacia,Logan,6500.0
551-1174L-LD-EM,Phare,PHARE LOGAN 09 G,DEPO,Dacia,Logan,11000.0
RS-579--501R,Phare,PHARE LOGAN 13 D,CHINE,Dacia,Logan,7500.0
RS-579--501,Phare,PHARE LOGAN 13 G,CHINE,Dacia,Logan,7500.0
RS-579-501R,Phare,PHARE LOGAN SANDURO 13-16 D,CHINE,Dacia,Logan,8000.0
RS-579-501L,Phare,PHARE LOGAN SANDURO 13-16 G,CHINE,Dacia,Logan,8000.0
LOGAN,Phare,PHARE LOGAN SANDURO D 09-12,CHINE,Dacia,Logan,8000.0
LOGAN,Phare,PHARE LOGAN SANDURO G 09-12,CHINE,Dacia,Logan,8000.0
551-1198R-LD-E2,Phare,PHARE LOGAN/SANDERO 13 D,DEPO,Dacia,Logan / Sandero,13500.0
404514,Phare,PHARE LOGAN/SANDERO 13 D,,Dacia,Logan / Sandero,9000.0
551-1198L-LD-E2,Phare,PHARE LOGAN/SANDERO 13 G,DEPO,Dacia,Logan / Sandero,13500.0
404515,Phare,PHARE LOGAN/SANDERO 13 G,AYFAR,Dacia,Logan / Sandero,9500.0
551-1149R-LD-E,Phare,PHARE MASTER 03 03 D,DEPO,Renault,Master,15500.0
551-1149L-LD-E,Phare,PHARE MASTER 03 G,DEPO,Renault,Master,15500.0
505454,Phare,PHARE MASTER/MOVANO 10 D,AYFAR,Renault,Master,15300.0
505455,Phare,PHARE MASTER/MOVANO 10 G,AYFAR,Renault,Master,15300.0
202235,Phare,PHARE MEGANE 02 D,AYFAR,Renault,Megane,10500.0
202236,Phare,PHARE MEGANE 02 G,AYFAR,Renault,Megane,10500.0
202231,Phare,PHARE MEGANE 96 D,AYFAR,Renault,Megane,7500.0
551-1121R,Phare,PHARE MEGANE 96 D,DEPO,Renault,Megane,11000.0
202232,Phare,PHARE MEGANE 96 G,AYFAR,Renault,Megane,7500.0
551-1121L,Phare,PHARE MEGANE 96 G,DEPO,Renault,Megane,11000.0
PHRMEG,Phare,PHARE MEGANE 99 D,,Renault,Megane,7500.0
PHME,Phare,PHARE MEGANE 99 G,,Renault,Megane,7500.0
FT07-0901,Phare,PHARE MEGANE 99 G,,Renault,Megane,7200.0
OCT-2013R,Phare,PHARE OCTVIA 2010 D,CHINE,,nan,16500.0
OCT-2013L,Phare,PHARE OCTVIA 2010 G,CHINE,,nan,16500.0
PHARPARL,Phare,PHARE PARETNER 2012,,Peugeot,Partner,13500.0
PHPARR,Phare,PHARE PARETNER 2012 D,,Peugeot,Partner,13500.0
PHAPART,Phare,PHARE PARETNER 2012 D,,Peugeot,Partner,13500.0
PHARL,Phare,PHARE PARETNER 2012 G,,Peugeot,Partner,13500.0
06-1501R,Phare,PHARE PARETNER 96-02 D,,Peugeot,Partner,7500.0
06-1501L,Phare,PHARE PARETNER 96-02 G,,Peugeot,Partner,7500.0
05-1501L,Phare,PHARE PARETNER 96-02 G,,Peugeot,Partner,7500.0
06-1601AR,Phare,PHARE PARETNER BERLINGO 03 D,,Peugeot / Citroën,Partner / Berlingo,9800.0
06-1601AL,Phare,PHARE PARETNER BERLINGO 03 G,,Peugeot / Citroën,Partner / Berlingo,9800.0
PHRPAR,Phare,PHARE PARETNER 03-05 D,,Peugeot,Partner,9500.0
PHEPAR,Phare,PHARE PARETNER 03-05 G,,Peugeot,Partner,9500.0
PHPAR,Phare,PHARE PARETNER 2012 G,,Peugeot,Partner,14000.0
JX-B19-001R,Phare,PHARE PARETNER K9 2018 D,CHINE,Peugeot,Partner,17500.0
JX--B19-009L,Phare,PHARE PARETNER K9 2018 G,CHINE,Peugeot,Partner,17500.0
505641,Phare,PHARE PARTNER /BERLINGO 2002 DD,,Peugeot / Citroën,Partner / Berlingo,9500.0
1001AR,Phare,PHARE PARTNER /BERLINGO 2003+ D,CHINE,Peugeot / Citroën,Partner / Berlingo,10000.0
1001AL,Phare,PHARE PARTNER /BERLINGO2003+ G,CHINE,Peugeot,Partner,10000.0
505976,Phare,PHARE PARTNER 08 D,AYFAR,Peugeot,Partner,15000.0
505977,Phare,PHARE PARTNER 08 G,AYFAR,Peugeot,Partner,15000.0
505982,Phare,PHARE PARTNER 12 A/MOTEUR D,MARS,Peugeot,Partner,14500.0
505983,Phare,PHARE PARTNER 12 A/MOTEUR G,MARS,Peugeot,Partner,14500.0
550-1155LMLD-EM,Phare,PHARE PARTNER 12 G,DEPO,Peugeot,Partner,19000.0
550-1126R-LD-EM,Phare,PHARE PARTNER 96-02 D,DEPO,Peugeot,Partner,8500.0
05--5001R,Phare,PHARE PARTNER 96-02 D +G,,Peugeot,Partner,7500.0
550-1126L-LD-EM,Phare,PHARE PARTNER 96-02 G,DEPO,Peugeot,Partner,8500.0
223-1115R-LD-E,Phare,PHARE PICANTO 04-07 D,DEPO,Kia,Picanto,9500.0
223-1115L-LD-E,Phare,PHARE PICANTO 04-07 G,DEPO,Kia,Picanto,9500.0
223-1128R-LD-E,Phare,PHARE PICANTO 08-10 D,DEPO,Kia,Picanto,10800.0
223-1128L-LD-E,Phare,PHARE PICANTO 08-10 G,DEPO,Kia,Picanto,10800.0
KA002060002,Phare,PHARE PICANTO 11-14 DR,,Kia,Picanto,12500.0
KA002060001,Phare,PHARE PICANTO 11-14 GH,,Kia,Picanto,12500.0
HF01-1501DL,Phare,PHARE PICANTO 11-17 NOIRE G,,Kia,Picanto,10500.0
HF03-1301DR,Phare,PHARE PICANTO POP 2001 NOIRE D,,Kia,Picanto,9500.0
HF03-1301DL,Phare,PHARE PICANTO POP 2001 NOIRE G,,Kia,Picanto,9500.0
6Q0,Phare,PHARE POLO 05 D,,Volkswagen,Polo,12500.0
6Q0,Phare,PHARE POLO 05 G,,Volkswagen,Polo,12500.0
PZNP-069R,Phare,PHARE POLO 09 H4 D,,Volkswagen,Polo,12500.0
PZANP-069L,Phare,PHARE POLO 09 H4 G,,Volkswagen,Polo,12500.0
PHARPOLR,Phare,PHARE POLO 14 D,,Volkswagen,Polo,13800.0
PHARPOL,Phare,PHARE POLO 14 G,,Volkswagen,Polo,13800.0
551-1108R-LD-E,Phare,PHARE R19 88 AM D,,Renault,R19,9500.0
551-1108L-LD-E,Phare,PHARE R19 88 AM G,,Renault,R19,9500.0
700910,Phare,PHARE R21 90 NM D,MAD,Renault,R21,5500.0
700920,Phare,PHARE R21 90 NM G,MAD,Renault,R21,5500.0
PR-SK13L,Phare,PHARE RAPIDE 2013 G,CHINE,,nan,15500.0
PR-SK13R,Phare,PHARE RAPIDE 2013 D,CHINE,,nan,15500.0
135-11047L-LD,Phare,PHARE SAIL 10-12 DH,DEPO,Chevrolet,Sail,12500.0
HF02-3301R,Phare,PHARE SAIL 10-12 DH,,Chevrolet,Sail,7500.0
FT29-1101R,Phare,PHARE SAIL 10-12 DH,,Chevrolet,Sail,8500.0
135-1104L-LD,Phare,PHARE SAIL 10-12 GH,DEPO,Chevrolet,Sail,12500.0
HF02-3301L,Phare,PHARE SAIL 10-12 GH,,Chevrolet,Sail,7500.0
FT291101L,Phare,PHARE SAIL 10-12 GH G,,Chevrolet,Sail,8500.0
404536,Phare,PHARE SANDER STEPWAY 2017 A/LED D,AYFAR,Dacia,Sandero / Sandero Stepway,16500.0
TA00824,Phare,PHARE SANDER STEPWAY 2017 A/LED G,,Dacia,Sandero / Sandero Stepway,13500.0
404537,Phare,PHARE SANDER STEPWAY 2017 A/LED G,AYFAR,Dacia,Sandero / Sandero Stepway,16500.0
551-1170L-LDEM1.,Phare,PHARE SANDERO 09 CHROME D,DEPO,Dacia,Sandero,11000.0
551-1170L-LDEM1,Phare,PHARE SANDERO 09 CHROME G,DEPO,Dacia,Sandero,11000.0
552-1111R-LD-EM,Phare,PHARE SAXO 00 NM D,DEPO,Citroën,Saxo,9500.0
552-1111L-LD-EM,Phare,PHARE SAXO 00 NM G,DEPO,Citroën,Saxo,9500.0
552-1106R-LD-EM,Phare,PHARE SAXO 96-99 D,DEPO,Citroën,Saxo,8800.0
552-1106L-LD-EM,Phare,PHARE SAXO 96-99 G,DEPO,Citroën,Saxo,8800.0
551-1135L-LDEM1,Phare,PHARE SCENIC 99-02 CHROME G,,Renault,Scenic,14500.0
HF02-3001R,Phare,PHARE SPARK 05 D,,Chevrolet,Spark,6700.0
222-1118R-LD-E,Phare,PHARE SPARK 05 D,DEPO,Chevrolet,Spark,12500.0
HF02-3001L,Phare,PHARE SPARK 05 G,,Chevrolet,Spark,6700.0
222-1118L-LD-E,Phare,PHARE SPARK 05 G,DEPO,Chevrolet,Spark,12500.0
235-1111RLD-EM,Phare,PHARE SPARK 09-12 D M300,DEPO,Chevrolet,Spark,19000.0
235-1111LMD-EM,Phare,PHARE SPARK 09-12 G,DEPO,Chevrolet,Spark,19000.0
235-1126L-LD-E2,Phare,PHARE SPARK 13 G NEW,DEPO,Chevrolet,Spark,19000.0
202286SA,Phare,PHARE STEPWAY /SANDERO 17 D,ALKAR,Dacia,Sandero / Sandero Stepway,14500.0
TA00825,Phare,PHARE STEPWAY /SANDERO 17 D,,Dacia,Sandero / Sandero Stepway,13500.0
202287,Phare,PHARE STEPWAY /SANDERO 17 G,ALKAR,Dacia,Sandero / Sandero Stepway,14500.0
700710,Phare,PHARE SUPER 5 72-91 D,MAD,,nan,4500.0
700720,Phare,PHARE SUPER 5 72-91 G,MAD,,nan,4500.0
551-1175R-LD-EM,Phare,PHARE SYMBOL 08 D,DEPO,Renault,Symbol,14500.0
303336,Phare,PHARE SYMBOL 08 D,AYFAR,Renault,Symbol,12500.0
551-1175L-LD-EM,Phare,PHARE SYMBOL 08 G,DEPO,Renault,Symbol,16000.0
303337,Phare,PHARE SYMBOL 09 G,AYFAR,Renault,Symbol,12500.0
551-11A2R-LDEM2,Phare,PHARE SYMBOL 13 D,DEPO,Renault,Symbol,14500.0
RS-579-550R,Phare,PHARE SYMBOL 13 D,,Renault,Symbol,7000.0
202286,Phare,PHARE SYMBOL 13 D,AYFAR,Renault,Symbol,9500.0
551-11A2L-LDEM2,Phare,PHARE SYMBOL 13 G,DEPO,Renault,Symbol,14500.0
RS-579-550L,Phare,PHARE SYMBOL 13 G,,Renault,Symbol,7000.0
202287,Phare,PHARE SYMBOL 13 G,AYFAR,Renault,Symbol,9500.0
404534,Phare,PHARE SYMBOL 17-20 LED D,AYFAR,Renault,Symbol,17000.0
SH-13-001-L,Phare,PHARE SYMBOL 17-20 LED D,CHINE,Renault,Symbol,11500.0
404535,Phare,PHARE SYMBOL 17-20 LED G,AYFAR,Renault,Symbol,17500.0
SH-13-001-R,Phare,PHARE SYMBOL 17-20 LED G,CHINE,Renault,Symbol,11500.0
551-11AQL-LEDM2,Phare,PHARE SYMBOL 17-20 LED G,DEPO,Renault,Symbol,21500.0
PHSYMD,Phare,PHARE SYMBOL 19 D,,Renault,Symbol,12000.0
PH,Phare,PHARE SYMBOL 19 G,,Renault,Symbol,12000.0
HC-PTN-01,Phare,PHARE SYMBOL 2009 D,CHINE,Renault,Symbol,14500.0
HC-PTN-01,Phare,PHARE SYMBOL 2009 G,CHINE,Renault,Symbol,14500.0
PHTR,Phare,PHARE TIGUAN 08/10 D,,Volkswagen,Tiguan,17200.0
PHTI,Phare,PHARE TIGUAN 08/10 G,,Volkswagen,Tiguan,17200.0
202220,Phare,PHARE VR12 87 G/D,,,nan,2200.0
303374,Phare,PHARE VW GOLF3 D,AYFAR,Volkswagen,Golf 3,6600.0
303375,Phare,PHARE VW GOLF3 G,AYFAR,Volkswagen,Golf 3,6000.0
552-1107R-LD-EM,Phare,PHARE XSARA 97-00 D,DEPO,Citroën,Xsara,10500.0
552-1107L-LDEMC,Phare,PHARE XSARA 97-00 G,DEPO,Citroën,Xsara,10500.0
212-11L4L-LD-EM,Phareyaris07Sdng,PHAREYARIS07SDNG,DEPO,,nan,14500.0
19-4130-R,Phareyaris09-12D,PHAREYARIS09-12D,CASP,,nan,14000.0
19-4130-L,Phare,PHARE YARIS 09-12 G,CASP,Toyota,Yaris,14000.0
PO-CLIO,Poignée,POIGAN DE PORTE EXT CLIO,,Renault,Clio,1050.0
POXSARA,Poignée,POIGAN DE PORTE EXT XSARA,,Citroën,Xsara,1100.0
PZ109P-010R,Poignée,POIGAN DE PORTE IBIZA D,,SEAT,Ibiza,2800.0
PZ109P-010L,Poignée,POIGAN DE PORTE IBIZA G,,SEAT,Ibiza,2800.0
KD-1425,Poignée,POIGAN DE PORTE INT,,,nan,0.0
PO-01,Poignée,POIGAN DE PORTE LATERAL D PRTENRE,,,nan,1350.0
R/H,Poignée,POIGAN DE PORTE LATERAL D PRTENRE,,,nan,1350.0
XF704-007,Poignée,POIGAN DE PORTE SYMBOL D,,Renault,Symbol,1200.0
XF704-007L,Poignée,POIGAN DE PORTE SYMBOL G,,Renault,Symbol,1200.0
6J1113A/114AR,Poignée,POIGAN IBIZA D,,SEAT,Ibiza,2500.0
6J1113A/114AL,Poignée,POIGAN IBIZA G,,SEAT,Ibiza,2500.0
4291,Poignée,POIGAN INT PARTNER 2002 G,PLEKSAN,Peugeot,Partner,1500.0
KR-369,Poignée,POIGAN INT SYMBOL 13 CHROME D,,Renault,Symbol,1000.0
KR-368,Poignée,POIGAN INT SYMBOL 13 CHROME G,,Renault,Symbol,1200.0
KR-689,Poignée,POIGNE EXT LOGAN/SYMBOL/ SANDERO 13 G,,Dacia / Renault,Logan / Symbol / Sandero,1000.0
HU-GM3001A-RR,Poignée,POIGNE EXT AR AVEO 04-06 D,,Chevrolet,Aveo,1500.0
HU-GM300A-RL,Poignée,POIGNE EXT AR AVEO 04-06 G,,Chevrolet,Aveo,1500.0
HU-GM3001A-FL,Poignée,POIGNE EXT AR AVEO 04-06 G,,Chevrolet,Aveo,1500.0
HU-HY3234S-FR,Poignée,POIGNE EXT AV ACCENT 00-12 D,,Hyundai,Accent,1500.0
HU-GM3001A-FR,Poignée,POIGNE EXT AV AVEO 04-06 D,,Chevrolet,Aveo,1500.0
KR-598,Poignée,POIGNE EXT AV MASTER 03-10 D NOIR,,Renault,Master,1600.0
KR-597,Poignée,POIGNE EXT AV MASTER 03-10 G NOIR,,Renault,Master,1600.0
3498,Poignée,POIGNE EXT CLIO 98/LOGAN/MEGANE D,,Renault / Dacia,Clio / Megane / Logan,900.0
3499,Poignée,POIGNE EXT CLIO 98/LOGAN/MEGANE G,,Renault / Dacia,Clio / Megane / Logan,900.0
KR-336,Poignée,POIGNE EXT EXPRESS R19 G,,Renault,Express / R19,700.0
KR-538,Poignée,POIGNE EXT LATIRAL MASTER 03-09,,Renault,Master,2200.0
HU-ST2104MA-FRI,Poignée,POIGNE INT AV IBIZA 08-16 CHROME D,,SEAT,Ibiza,2400.0
HU-ST2104MA-FL,Poignée,POIGNE INT AV IBIZA 08-16 CHROME G,,SEAT,Ibiza,2400.0
KR-687,Poignée,POIGNE INT AV SYMBOL 13 NOIR 13 G,,Renault,Symbol,750.0
KR-395,Poignée,POIGNE INT CLIO 98/LOGAN/ MEGANE D,KAYAPLASTIK,Renault / Dacia,Clio / Megane / Logan,800.0
KR-449,Poignée,POIGNE INT CLIO 98/MEGANE 95 TIGE NOIR D,PLEKSAN,Renault,Clio / Megane,800.0
3310,Poignée,POIGNE INT CLIO 98/MEGANE 95 TIGE NOIR D,,Renault,Clio / Megane,700.0
KR-448,Poignée,POIGNE INT CLIO 98/MEGANE 95 TIGE NOIR G,PLEKSAN,Renault,Clio / Megane,800.0
3311,Poignée,POIGNE INT CLIO 98/MEGANE 95 TIGE NOIR G,,Renault,Clio / Megane,700.0
KR-688,Poignée,POIGNE INT SYMBOL 13 NOIR D,,Renault,Symbol,750.0
14,Poignée,POIGNIN MONE GLACE EXPRESS R21 ESPACE,,Renault,Express / R21,250.0
15,Poignée,POIGNIN MONE GLACE MEGANE CLIO,,Renault,Clio / Megane,300.0
PG021020201,Port,PORT AR D 308 SANS PAGETTE,Guc,Peugeot,308,15000.0
RN041020201,Port,PORT AR D SANDERO 2009,Guc,Dacia,Sandero,19000.0
PG021020200,Port,PORT AR G 308 SANS PAGETTE,Guc,Peugeot,308,15000.0
PG021020101,Port,PORT AV D 308 SANS PAGETTE,Guc,Peugeot,308,15000.0
RN031020101,Port,PORT AV D SANDERO 2009,Guc,Dacia,Sandero,19000.0
PG021020100,Port,PORT AV G 308 SANS PAGETTE,Guc,Peugeot,308,15000.0
PEJ1526003,Pssage,PSSAGE DE ROUE 206 G,DEGA,Peugeot,206,2500.0
7700784037,Radiateur,RADITEUR CLIO1-R19-EXPRESSE A/N,,Renault,R19,10800.0
7007844040,Radiateur,RADITEUR R19 /EXPRESSE /CLIO JAPO/SUPER 5 /R9/R11,,Renault,Clio / R19 / R11 / R9,8800.0
07421,Rétroviseur,RETROVISEUR 206 CABLE 98-03,SOURCE,Peugeot,206,4500.0
CO5097,Rétroviseur,RETROVISEUR 208 RABATTABL D,GIVING,Peugeot,208,15000.0
CO5098,Rétroviseur,RETROVISEUR 208 RABATTABL G,GIVING,Peugeot,208,14500.0
CO5297,Rétroviseur,RETROVISEUR 301 13 / C-ELYSEE 13 CABLE D,GIVING,Citroën / Peugeot,C-Elysée / 301,6500.0
CO5296,Rétroviseur,RETROVISEUR 301 13 / C-ELYSEE 13 CABLE G,GIVING,Citroën / Peugeot,C-Elysée / 301,6500.0
CO5277,Rétroviseur,RETROVISEUR 301 13 / C-ELYSEE 13 ELECTRIC D,GIVING,Citroën / Peugeot,C-Elysée / 301,7800.0
CO5278,Rétroviseur,RETROVISEUR 301 13 / C-ELYSEE 13 ELECTRIC G,GIVING,Citroën / Peugeot,C-Elysée / 301,7800.0
51000007511,Rétroviseur,RETROVISEUR 307 D,,Peugeot,307,4500.0
CO3427,Rétroviseur,RETROVISEUR 405 NOUV D,GIVING,Peugeot,405,4500.0
VM--203EHPR,Rétroviseur,RETROVISEUR 406 99 ELT APRI D,VIEW MAX,Peugeot,406,7500.0
VM-203EHPAL,Rétroviseur,RETROVISEUR 406 99 ELT APRI G,VIEW MAX,Peugeot,406,9600.0
29510,Rétroviseur,RETROVISEUR AVEO 07-10 DR,,Chevrolet,Aveo,7800.0
9226867,Rétroviseur,RETROVISEUR BERLINGO PARTNER 13 D,,Peugeot / Citroën,Partner / Berlingo,0.0
9226864,Rétroviseur,RETROVISEUR BERLINGO PARTNER 13 ELT D,,Peugeot / Citroën,Partner / Berlingo,9500.0
CO3463,Rétroviseur,RETROVISEUR BERLINGO PARTNER 96 G,GIVING,Peugeot / Citroën,Partner / Berlingo,5500.0
VM-375EHR,Rétroviseur,RETROVISEUR CADDY 04 ELT D,VIEW MAX,Volkswagen,Caddy,11300.0
VM-375EHAL,Rétroviseur,RETROVISEUR CADDY 04 ELT G,VIEW MAX,Volkswagen,Caddy,11300.0
69210,Rétroviseur,RETROVISEUR CLIO 4 2013 D,GIVING,Renault,Clio 4,6500.0
388-RND002C,Rétroviseur,RETROVISEUR CLIO 96 D,TYC,Renault,Clio,5500.0
CO6732,Rétroviseur,RETROVISEUR FABIA 07 ELECT APPRET A/CHAUF D,GIVING,Škoda,Fabia,9500.0
CO6733,Rétroviseur,RETROVISEUR FABIA 07 ELECT APPRET A/CHAUF G,GIVING,Škoda,Fabia,9500.0
VM-198L,Rétroviseur,RETROVISEUR GOL/P04-05 CABLE G,,,nan,6300.0
VM-197EHPAL,Rétroviseur,RETROVISEUR GOLF5 03 ELT APRI G,VIEW MAX,Volkswagen,Golf 5,10600.0
VM-6801EHPL,Rétroviseur,RETROVISEUR LOGAAN 09 ELT APRI G,VIEW MAX,Dacia,Logan,7800.0
6140594,Rétroviseur,RETROVISEUR LOGAAN 09 ELT D,ALKAR,Dacia,Logan,7500.0
VM-6801BR,Rétroviseur,RETROVISEUR LOGAAN 09 MANUEL D,VIEW MAX,Dacia,Logan,5800.0
VM-6801BL,Rétroviseur,RETROVISEUR LOGAAN 09 MANUEL G,VIEW MAX,Dacia,Logan,6200.0
C04747,Rétroviseur,RETROVISEUR LOGAAN CABLE 13 D,,Dacia,Logan,6500.0
C04742,Rétroviseur,RETROVISEUR LOGAAN CABLE 13 G,,Dacia,Logan,6500.0
64223,Rétroviseur,RETROVISEUR PICANTOO 07 MANUAL D,SOURCE,,nan,6500.0
CO3632,Rétroviseur,RETROVISEUR R19 D,GIVING,Renault,R19,4500.0
CO3633,Rétroviseur,RETROVISEUR R19 G,GIVING,Renault,R19,4500.0
VM-123R,Rétroviseur,RETROVISEUR R9/R11 CABLE 81-88 D,VIEW MAX,Renault,R11 / R9,4500.0
VM-123L,Rétroviseur,RETROVISEUR R9/R11 CABLE 81-88 G,VIEW MAX,Renault,R11 / R9,4500.0
CO6884,Rétroviseur,RETROVISEUR SAIL 10 ELECT D,GIVING,Chevrolet,Sail,7800.0
CO6883,Rétroviseur,RETROVISEUR SAIL 10 ELECT G,GIVING,Chevrolet,Sail,7800.0
CO6880,Rétroviseur,RETROVISEUR SPARK 10-12 ELECT D,GIVING,Chevrolet,Spark,7200.0
CO6879,Rétroviseur,RETROVISEUR SPARK 10-12 ELECT G,GIVING,Chevrolet,Spark,7200.0
CO3666,Rétroviseur,RETROVISEUR XSARA D,GIVING,Citroën,Xsara,4800.0
CO3667,Rétroviseur,RETROVISEUR XSARA G,GIVING,Citroën,Xsara,4800.0
VM-206R,Rétroviseur,RETROVISEUR 206 98 CABLE D,VIEW MAX,Peugeot,206,4500.0
54132535,Rétroviseur,RETROVISEUR 206 98 CABLE D,,Peugeot,206,4500.0
VM6207EHSPL,Rétroviseur,RETROVISEUR 207 06 ELT APRI D,VIEW MAX,Peugeot,207,10500.0
VM-6207EHPL,Rétroviseur,RETROVISEUR 207 06 ELT APRI G,VIEW MAX,Peugeot,207,10500.0
VM-509EHPSR,Rétroviseur,RETROVISEUR 208 12 ELT APRI D,VIEW MAX,Peugeot,208,10500.0
VM-509EHPL,Rétroviseur,RETROVISEUR 208 12 ELT APRI G,VIEW MAX,Peugeot,208,10500.0
VM-512EHL,Rétroviseur,RETROVISEUR 301 12/ C-ELYSEE ELT+DEG G,VIEW MAX,Citroën / Peugeot,C-Elysée / 301,9500.0
VM-512EHSR,Rétroviseur,RETROVISEUR 301 12/C-ELYSEE ELT+DEG D TEMP,VIEW MAX,Citroën / Peugeot,C-Elysée / 301,9500.0
54123540,Rétroviseur,RETROVISEUR 306 96 CABLE D,,Peugeot,306,5000.0
VM-207EHPSR,Rétroviseur,RETROVISEUR 307 01 ELT APRI D TEMP,VIEW MAX,Peugeot,307,7500.0
VM-207EHPAL,Rétroviseur,RETROVISEUR 307 01 ELT APRI G,VIEW MAX,Peugeot,307,6500.0
SM2025,Rétroviseur,RETROVISEUR 405 87-92 BRAS D,,Peugeot,405,2500.0
RET-405,Rétroviseur,RETROVISEUR 405 D,,Peugeot,405,4200.0
RET-405,Rétroviseur,RETROVISEUR 405 G,,Peugeot,405,4200.0
60721,Rétroviseur,RETROVISEUR ACCENT,GIVING,Hyundai,Accent,6000.0
29551,Rétroviseur,RETROVISEUR AVEO 07-10 CABLE D,GIVING,Chevrolet,Aveo,7800.0
VM-6118EBL,Rétroviseur,RETROVISEUR BERLINGO /PARTNER 08 RAB G,VIEW MAX,Peugeot / Citroën,Partner / Berlingo,16500.0
VM-1818EHSR,Rétroviseur,RETROVISEUR BERLINGO /PARTNER 12 ELT D,VIEW MAX,Peugeot / Citroën,Partner / Berlingo,14500.0
VM-8118EHL,Rétroviseur,RETROVISEUR BERLINGO /PARTNER 12 ELT G,VIEW MAX,Peugeot / Citroën,Partner / Berlingo,14500.0
VM-118R,Rétroviseur,RETROVISEUR BERLINGO /PARTNER 96 CABEL D,VIEW MAX,Peugeot / Citroën,Partner / Berlingo,6800.0
VM-118L,Rétroviseur,RETROVISEUR BERLINGO /PARTNER 96 CABEL G,VIEW MAX,Peugeot / Citroën,Partner / Berlingo,6300.0
VM-6118R,Rétroviseur,RETROVISEUR BERLINGO 08/PARTNER 08CABLE D,VIEW MAX,Peugeot / Citroën,Partner / Berlingo,7000.0
VM-6118L,Rétroviseur,RETROVISEUR BERLINGO 08/PARTNER 08CABLE G,VIEW MAX,Peugeot / Citroën,Partner / Berlingo,7000.0
VM-8118PSR,Rétroviseur,RETROVISEUR BERLINGO/PARTNER 12 CABLE APRI D,VIEW MAX,Citroën / Peugeot,Berlingo / Partner,6500.0
VM-118EHL,Rétroviseur,RETROVISEUR BERLINGO/PARTNER 96 ELT G,VIEW MAX,Citroën / Peugeot,Berlingo / Partner,5000.0
VM-501R,Rétroviseur,RETROVISEUR C3 02 CABLE D,VIEW MAX,Citroën,C3,4800.0
VM-501L,Rétroviseur,RETROVISEUR C3 02 CABLE G,VIEW MAX,Citroën,C3,4800.0
VM-501ER,Rétroviseur,RETROVISEUR C3 02 ELT D,VIEW MAX,Citroën,C3,6800.0
VM-501EL,Rétroviseur,RETROVISEUR C3 02 ELT G,VIEW MAX,Citroën,C3,6800.0
2K1,Rétroviseur,RETROVISEUR CADDY 04-18 D,,Volkswagen,Caddy,9500.0
2K1857,Rétroviseur,RETROVISEUR CADDY 04-18 G,,Volkswagen,Caddy,9500.0
388-RND105C,Rétroviseur,RETROVISEUR CLIO 01 CABLE D,TYC,Renault,Clio,6500.0
54024058,Rétroviseur,RETROVISEUR CLIO 01 CABLE D,,Renault,Clio,4500.0
54014058,Rétroviseur,RETROVISEUR CLIO 01 CABLE G,,Renault,Clio,4500.0
54124075,Rétroviseur,RETROVISEUR CLIO 96 CABLE D,,Renault,Clio,4500.0
54114075,Rétroviseur,RETROVISEUR CLIO 96 CABLE G,,Renault,Clio,5500.0
6139179,Rétroviseur,RETROVISEUR CLIO CAMPUS 09 G,,Renault,Clio,9300.0
VM-6136SR,Rétroviseur,RETROVISEUR CLIO3 CABLE D,VIEW MAX,Renault,Clio 3,4800.0
VM-6136AL,Rétroviseur,RETROVISEUR CLIO3 CABLE G,VIEW MAX,Renault,Clio 3,4800.0
VM-6117EHPR,Rétroviseur,RETROVISEUR EXPERT 07 ELT APRI D,VIEW MAX,Peugeot,Expert,7800.0
VM-6117EHPL,Rétroviseur,RETROVISEUR EXPERT 07 ELT APRI G,VIEW MAX,Peugeot,Expert,7800.0
VM-117R,Rétroviseur,RETROVISEUR EXPERT 96 CABLE D,VIEW MAX,Peugeot,Expert,7600.0
VM130L,Rétroviseur,RETROVISEUR EXPRESS 96 CABLE G,VIEW MAX,Renault,Express,6300.0
VM-130L,Rétroviseur,RETROVISEUR EXPRESS 96 CABLE G,,Renault,Express,6500.0
VM-130R,Rétroviseur,RETROVISEUR EXPRESS 96 CABLE D,VIEW MAX,Renault,Express,6300.0
51999928010,Rétroviseur,RETROVISEUR H100 04-12 MANUEL DR,,Hyundai,H-100,7500.0
51999928021,Rétroviseur,RETROVISEUR H100 04-12 MANUEL GH,,Hyundai,H-100,7500.0
VM6131R,Rétroviseur,RETROVISEUR KANGO 08 CABLE D,VIEW MAX,Renault,Kangoo,5500.0
VM-6132AR,Rétroviseur,RETROVISEUR KANGO 13 CABLE D,VIEW MAX,Renault,Kangoo,7200.0
VM-6132AL,Rétroviseur,RETROVISEUR KANGO 13 CABLE G,VIEW MAX,Renault,Kangoo,7200.0
VM-6132EHPAL,Rétroviseur,RETROVISEUR KANGO 13 ELT APRI G,VIEW MAX,Renault,Kangoo,9300.0
74813,Rétroviseur,RETROVISEUR KANGO 13 ELT D,GIVING,Renault,Kangoo,8800.0
VM-131R,Rétroviseur,RETROVISEUR KANGO 98 CABLE D,VIEW MAX,Renault,Kangoo,5600.0
VM-367EHPR,Rétroviseur,RETROVISEUR LEON 13 ELT APRI D,VIEW MAX,SEAT,Leon,15500.0
VM-367EHPL,Rétroviseur,RETROVISEUR LEON 13 ELT APRI G,VIEW MAX,SEAT,Leon,15500.0
66723,Rétroviseur,RETROVISEUR LOGAAN /SANDERO 13 G,GIVING,Dacia,Logan / Sandero,6000.0
VM-6801R,Rétroviseur,RETROVISEUR LOGAAN 09 CABLE D,VIEW MAX,Dacia,Logan,5800.0
VM-6801L,Rétroviseur,RETROVISEUR LOGAAN 09 CABLE G,VIEW MAX,Dacia,Logan,5800.0
54421295,Rétroviseur,RETROVISEUR LOGAAN 09-13/SANDERO 09 EIECT/APRET D,,Dacia,Logan / Sandero,5800.0
VM-6801EHR,Rétroviseur,RETROVISEUR LOGAAN SANDER 09 ELT D,VIEW MAX,Dacia,Logan / Sandero,5000.0
VM-6800R,Rétroviseur,RETROVISEUR LOGAN 05 CABLE D,VIEW MAX,Dacia,Logan,4500.0
54121294,Rétroviseur,RETROVISEUR LOGAN 13 CABLE APPRET ET A/TEMP D,,Dacia,Logan,5500.0
54111294,Rétroviseur,RETROVISEUR LOGAN 13 CABLE APPRET G,,Dacia,Logan,5500.0
62020,Rétroviseur,RETROVISEUR MASTER 03 MANUEL G,GIVING,Renault,Master,9200.0
55411,Rétroviseur,RETROVISEUR MEGANE 08,GIVING,Renault,Megane,6500.0
VM-129R,Rétroviseur,RETROVISEUR MEGANE 96 CABLE D,VIEW MAX,Renault,Megane,5300.0
VM-6223EHPR,Rétroviseur,RETROVISEUR MICRA 10-160K13 ELT APRI D,VIEW MAX,,nan,11500.0
VM-6223EHPL,Rétroviseur,RETROVISEUR MICRA 10-160K13 ELT APRI G,VIEW MAX,,nan,11500.0
VM-753PR,Rétroviseur,RETROVISEUR PICANTO 08-10 CABLE APRI D,VIEW MAX,Kia,Picanto,7500.0
VM-753PL,Rétroviseur,RETROVISEUR PICANTO 08-10 CABLE APRI DG,VIEW MAX,Kia,Picanto,7500.0
79314,Rétroviseur,RETROVISEUR PICANTO 11 CABLE D,,Kia,Picanto,6000.0
VM-754NEBPR,Rétroviseur,RETROVISEUR PICANTO 11 RAB APRI D,VIEW MAX,Kia,Picanto,17800.0
79311,Rétroviseur,RETROVISEUR PICANTO 11 RAB APRI D,,Kia,Picanto,14500.0
6Q1,Rétroviseur,RETROVISEUR POLO 05/10 ELEC D,,Volkswagen,Polo,7500.0
6Q1,Rétroviseur,RETROVISEUR POLO 05/10 ELEC G,,Volkswagen,Polo,7500.0
6R1,Rétroviseur,RETROVISEUR POLO 2009 ELEC D,,Volkswagen,Polo,8500.0
6R1,Rétroviseur,RETROVISEUR POLO 2009 ELEC G,,Volkswagen,Polo,8500.0
54024051,Rétroviseur,RETROVISEUR R19 88-96 CABLE D,,Renault,R19,4800.0
VM-133SR,Rétroviseur,RETROVISEUR SCENIC 96-99 CABLE D,VIEW MAX,Renault,Scenic,3200.0
VM-133L,Rétroviseur,RETROVISEUR SCENIC 96-99 CABLE G,VIEW MAX,Renault,Scenic,3200.0
VM-9603EPR,Rétroviseur,RETROVISEUR SWIFT 11 ELT APRI D,VIEW MAX,Suzuki,Swift,8500.0
VM-6903EPL,Rétroviseur,RETROVISEUR SWIFT 11 ELT APRI G,VIEW MAX,Suzuki,Swift,8500.0
54024028,Rétroviseur,RETROVISEUR SYMBOL 09 CABLE D,,Renault,Symbol,6000.0
VM-6124AL,Rétroviseur,RETROVISEUR SYMBOL 09 CABLE G,VIEW MAX,Renault,Symbol,6000.0
VM-6129PR,Rétroviseur,RETROVISEUR SYMBOL 13 CABLE APRI D,VIEW MAX,Renault,Symbol,6500.0
VM-6129PL,Rétroviseur,RETROVISEUR SYMBOL 13 CABLE APRI G,VIEW MAX,Renault,Symbol,6500.0
54323503,Rétroviseur,RETROVISEUR SYMBOL 13 ELCT A/APPRET ET TEMPS D,,Renault,Symbol,8000.0
VM-6129EHPL,Rétroviseur,RETROVISEUR SYMBOL 13 ELCT APRI G,VIEW MAX,Renault,Symbol,8200.0
VM-6129EHPSR,Rétroviseur,RETROVISEUR SYMBOL 13 ELT APRI D,VIEW MAX,Renault,Symbol,8200.0
1T1,Rétroviseur,RETROVISEUR TOURAN 10/15 D,,Volkswagen,Touran,10800.0
1T1,Rétroviseur,RETROVISEUR TOURAN 10/15 G,,Volkswagen,Touran,10800.0
54324591,Rétroviseur,ROTROVISEUR IBIZA 08 ELT APPRET D,,SEAT,Ibiza,8000.0
VM-364EBR,Rétroviseur,ROTROVISEUR IBIZA 08 RAB D,VIEW MAX,SEAT,Ibiza,12200.0
03/5034,Serie,SERIE DAILE COMPLET 4PCS GOLF2 87-91,ITALI,Volkswagen,Golf 2,7000.0
3968,Serrure,SERRURE CAPOT TRAFIC 2001,,Renault,Trafic,1800.0
3470,Serrure,SERRURE CAPOT CLIO 98,,Renault,Clio,2000.0
3416,Serrure,SERRURE CAPOT MEGANE 08 /FLUENCE /MASTER 10-,,Renault,Megane / Fluence / Master,3000.0
MG02-02042,Serrure,SERRURE DE MALLE R19,,Renault,R19,2150.0
905020198R,Serrure,SERRURE MALLE LOGAN SANDRO,,Dacia,Logan,2500.0
SP307-CLIO,Spoiler,SPOILER 307-CLIO CAMPUS,,Peugeot / Renault,307 / Clio,1500.0
04/5051,Spoiler,SPOILER AR GOLF4 98,,Volkswagen,Golf 4,3000.0
04/5050,Spoiler,SPOILER AV GOLF4 98,,Volkswagen,Golf 4,3000.0
PC-R07,Spoiler,SPOILER AV MEGANE 08,,Renault,Megane,6200.0
PC-PT08,Spoiler,SPOILER AV PARTNER/BERLINGO 08-18,,Peugeot / Citroën,Partner / Berlingo,2800.0
PC-07W,Spoiler,SPOILER AV SCENIC 09-12,,Renault,Scenic,6200.0
PC-R08W,Spoiler,SPOILER AV SCENIC 12-16,,Renault,Scenic,6500.0
PP4506,Spoiler,SPOILER AV 206/+08 D,,Peugeot,206,1000.0
PP4507,Spoiler,SPOILER AV 206/+08 G,,Peugeot,206,1000.0
BP4426,Spoiler,SPOILER AV 307 05 JEUX,,Peugeot,307,4200.0
BP4781-2,Spoiler,SPOILER AV 308 11 JEUX,,Peugeot,308,3500.0
PC-DA-LG3,Spoiler,SPOILER AV LOGAN / MCV/SANDRO/SYMBOL 13,,Renault / Dacia,Symbol / Logan,2200.0
80,Support,SUPOORT AILE PARECHOC IBIZA 08-12 G/D,,SEAT,Ibiza,2200.0
SUPPIC,Support,SUPOORT PARECHOC AV PICANTO 11-17 JEU,,Kia,Picanto,2200.0
SUSYM,Support,SUPOORT PARECHOC AV SYMBOL 09,,Renault,Symbol,2500.0
579-566,Support,SUPOORT PARECHOC SYMBOL 14,,Renault,Symbol,1200.0
VW-G5-2005,Support,SUPOORT PHARE GOLF5 D,,Volkswagen,Golf 5,3500.0
VW-G5-2005,Support,SUPOORT PHARE GOLF5 G,,Volkswagen,Golf 5,2500.0
SUPOLD,Support,SUPOORT PHARE POLO 10 CH D,,Volkswagen,Polo,2300.0
SUPLOG,Support,SUPOORT PHARE POLO 10 CH G,,Volkswagen,Polo,2300.0
301-13-D,Support,SUPOORT STOP 301 D,,Peugeot,301,2200.0
301-13-G,Support,SUPOORT STOP 301 G,,Peugeot,301,2200.0
6,Support,SUPPORT ANTIBR 208 OM G+D,,Peugeot,208,1800.0
100,Support,SUPPORT ANTIBR 301,,Peugeot,301,1500.0
JN-B-008R,Support,SUPPORT ANTIBR BERLINGO /PARTNER 12-15 D,,Peugeot / Citroën,Partner / Berlingo,1700.0
JN-B-008L,Support,SUPPORT ANTIBR BERLINGO /PARTNER 12-15 G,,Peugeot / Citroën,Partner / Berlingo,1700.0
SUPA/BER,Support,SUPPORT ANTIBR BERLINGO /PARTNER 12-15 G/D JEU,,Peugeot / Citroën,Partner / Berlingo,4800.0
13,Support,SUPPORT ANTIBR BERLINGO D,,Citroën,Berlingo,3000.0
12,Support,SUPPORT ANTIBR BERLINGO G,,Citroën,Berlingo,3000.0
P1-RCP1-YT6,Support,SUPPORT ANTIBR CAMPUS,,,nan,1500.0
P1-AR-LG1,Support,SUPPORT ANTIBR CAMPUS 14 DUSTER 10 G,,Dacia,Duster,1800.0
SUPCLDE,Support,SUPPORT ANTIBR CLIO 2014 /DUSTER,,Renault / Dacia,Clio / Duster,1500.0
261520255R,Support,SUPPORT ANTIBR CLIO CAMPUS,,Renault,Clio,1500.0
101,Support,SUPPORT ANTIBR IBIZA 13,,SEAT,Ibiza,5500.0
P1-RE8-YT1/YT2,Support,SUPPORT ANTIBR KANGOO 2013 JEUX,,Renault,Kangoo,2800.0
XF705-035,Support,SUPPORT ANTIBR LOGAN,,Dacia,Logan,1200.0
P1-R08W-YT,Support,SUPPORT ANTIBR SCENIC 13-2-16 JEUX,,Renault,Scenic,5300.0
JX-208-HL,Support,SUPPORT BATTERIE PGT 208,,Peugeot,208,5200.0
SUPOLO,Support,SUPPORT BATTERIE POLO IBIZA CH,,Volkswagen / SEAT,Polo / Ibiza,5500.0
P1-DA-SANP4-YT1,Support,SUPPORT CACHE ANTI SANDERO STEPWAY 17 JEUX,,Dacia,Sandero Stepway / Sandero,6500.0
SUGOLF,Support,SUPPORT PARCHOC AR GOLF6,,Volkswagen,Golf 6,1700.0
KR-612,Support,SUPPORT PARCHOC AV STEPWAY G,,Dacia,Sandero Stepway,1000.0
631433758R,Support,SUPPORT PARCHOC AV SYMBOL 14,,Renault,Symbol,750.0
131071,Support,SUPPORT PARCHOC C4,ROOT,Citroën,C4,4800.0
161092,Support,SUPPORT PARCHOC MEGANE 3,ROOT,Renault,Megane,1500.0
PK-20812,Support,SUPPORT PCHOC AV 208 12 JEUX,,Peugeot,208,2500.0
SP4220-1,Support,SUPPORT PCHOC AV 307 01 JEUX,,Peugeot,307,2200.0
PG202000802,Support,SUPPORT PCHOC AV 308 11-13 D,,Peugeot,308,2500.0
PG202000801,Support,SUPPORT PCHOC AV 308 11-13 G,,Peugeot,308,2500.0
SUPIC,Support,SUPPORT PHARE PICANTO 11-17 JEU,,Kia,Picanto,2500.0
3978803,Support,SUPPORT RADIATEUR SYMBOL LOGAN STEPWAY 13-22,,Renault / Dacia,Symbol / Logan / Sandero Stepway,600.0
TRPCL,Trappe,TRAPE CLIO 01,,Renault,Clio,2200.0
5K6,Trappe,TRAPE GOLF6 2009,,Volkswagen,Golf 6,4300.0
JX-T63-029,Traverse,TRAVERS 307 N/M 05,,Peugeot,307,10800.0
1T0807109D,Traverse,TRAVERS CADDY 10,,Volkswagen,Caddy,10800.0
TRGOL,Traverse,TRAVERS GOLF5,,Volkswagen,Golf 5,9300.0
JN-B-003,Traverse,TRAVERS INFERIEUR PARTNER 2012,,Peugeot,Partner,6300.0
TR207L,Traverse,TRAVERS PARCHOC 207,,Peugeot,207,4500.0
P1-20812,Traverse,TRAVERS PARCHOC 208 2012-19,,Peugeot,208,6500.0
PG113000900,Traverse,TRAVERS PARCHOC 208 2012-19,,Peugeot,208,18500.0
7414E6,Traverse,TRAVERS PARCHOC 406,SBM,Peugeot,406,5200.0
1443-2030,Traverse,TRAVERS PARCHOC AV LOGAN SYMBOL 13 TURK,,Renault / Dacia,Symbol / Logan,7000.0
PG110000900,Traverse,TRAVERS PARCHOC AV 207 06,,Peugeot,207,8800.0
P1-RC6W,Traverse,TRAVERS PARCHOC AV CLIO 09 PLASTIQUE TW,,Renault,Clio,7000.0
SE0030000900,Traverse,TRAVERS PARCHOC AV IBIZA 08,,SEAT,Ibiza,11000.0
6Z0592047,Traverse,TRAVERS PARCHOC CLIO 05-11,,Renault,Clio,10500.0
TRDOL,Traverse,TRAVERS PARCHOC DOBLO/REFTER /SCODO,,Fiat,Doblò,21500.0
1G0808551,Traverse,TRAVERS PARCHOC GOLF 04 CH,,Volkswagen,Golf,9500.0
TAVGOL,Traverse,TRAVERS PARCHOC GOLF6,,Volkswagen,Golf 6,11500.0
TRALOG,Traverse,TRAVERS PARCHOC LOGAN 10,,Dacia,Logan,8500.0
568-654A,Traverse,TRAVERS PARCHOC POLO 05 POLIC,,Volkswagen,Polo,8500.0
TRVPOL,Traverse,TRAVERS PARCHOC POLO 10,,Volkswagen,Polo,8700.0
X11-0701-1103,Traverse,TRAVERS PLASTIQE 206,,Peugeot,206,4000.0
05380/K9,Traverse,TRAVERSE ARR PARECHOC DOBLO PARTNER K9,,Fiat / Peugeot,Doblò / Partner,12500.0
HF01-I10,Traverse,TRAVERSE AV I10 CH,,Hyundai,i10,7200.0
HF01-3648D,Traverse,TRAVERSE GRAN I10 CH,,Hyundai,i10,8200.0
3508,Tube,TUBE ENJERENT 207 2012 D,,Peugeot,207,6500.0
3580,Tube,TUBE ENJERENT 207 2012 G,,Peugeot,207,6500.0
C4-500,Tube,TUBE ENJERENT 308 2013 D,,Peugeot,308,6500.0
C4-500,Tube,TUBE ENJERENT 308 2013 G,,Peugeot,308,6500.0
FTB100X6/B,Vase,VASE DAEU 1.6 HD TEPE /BERLINGO / B9,,Citroën,Berlingo,1800.0
1323AC,Vase,VASE DAEU EXPERT 2016,,Peugeot,Expert,4500.0
130353,Vase,VASE DAEU PGT 205 /C15,,Peugeot,205,3500.0
1307FA,Vase,VASE DAEU PGT 406 HDI AVEC BOCHON,,Peugeot,406,6000.0
P40724,Vase,VASE DE HUILLE POMP DIRERCTION 206 PARTNER,FTB,Peugeot,Partner / 206,2800.0
113092,Vase,VASE DE HUILLE POMP DIRERCTION 307 PARTNER TEPI,FTB,Peugeot,Partner / 307,4200.0
03558R,Vase,VASE DE HUILLE POMP DIRERCTION LOGAN13 SYMBOL 13,,Renault,Symbol,4200.0
FTB1000818,Vase,VASE DEAU AVEO3 /SAIL 2008-2011,,Chevrolet,Sail,2200.0
823704,Vase,VASE DEAU LAGUNA 2.2,,Renault,Laguna,4500.0
FTB100418/B,Vase,VASE DEAU R4/ R9/R11/R12/R19/SUP5/EXPRESS ESS,,Renault,Express / R19 / R12 / R11 / R9,1500.0
VAS,Vase,VASE DEAU SYMBOL/ LOGAN /CLIO4 STBWAY 13,,Renault / Dacia,Clio 4 / Symbol / Logan,1850.0
FTB100218/B,Vase,VASE DEAU+BOCHON EXPRESS /R19/ CLIO01,,Renault,Express / R19,1700.0
FTB1003T9/B,Vase,VASE DEAU+BOCHON PGO 207-208/C3/,,Citroën / Peugeot,C3 / 207 / 208,2200.0
P4724,Vase,VASE DHU,,,nan,0.0
FTB100460/B,Vase,VASE LAVE GLASS KANGO/ CLIO01LOGAN SYMBOL,,Renault,Symbol / Kangoo,1500.0
FTB600453,Vase,VASE LAVE GLASS +BOCHON POLO FAB AUDI A2 A2,FTB,Volkswagen,Polo,3500.0
FT60006431,Vase,VASE LAVE GLASS 1.6HDI 2.0HDI 1.4VTI308 2008-2014,FTB,,nan,3800.0
VASE206,Vase,VASE LAVE GLASS 206,,Peugeot,206,2500.0
T53,Vase,VASE LAVE GLASS 307,,Peugeot,307,2800.0
VAGO6,Vase,VASE LAVE GLASS GOLF6,,Volkswagen,Golf 6,3500.0
VAGO7,Vase,VASE LAVE GLASS GOLF7,,Volkswagen,Golf 7,3800.0
FTB101747,Vase,VASE LAVE GLASS KANGO3 101747,FTB,,nan,2800.0
POLO,Vase,VASE LAVE GLASS POLO 05 IBIZA,CHINE,Volkswagen / SEAT,Polo / Ibiza,3800.0
M33,Vase,VASE LAVE GLASSE 301 207 208,,Peugeot,207 / 208 / 301,3500.0
VER,Veer,VEER DE PHARE FABIA 12/15 D,,Škoda,Fabia,7500.0
VER,Veer,VEER DE PHARE FABIA 12/15 G,,Škoda,Fabia,7500.0
VERIBZA,Veer,VEER DE PHARE IBIZA 12 D,,SEAT,Ibiza,6500.0
VER,Veer,VEER DE PHARE IBIZA 12 D,,SEAT,Ibiza,7500.0
VEIBZA,Veer,VEER DE PHARE IBIZA 12 G,,SEAT,Ibiza,6500.0
VER,Veer,VEER DE PHARE IBIZA 12 G,,SEAT,Ibiza,7500.0
6F19411016B,Veer,VEER DE PHARE IBIZA 2017 D,,SEAT,Ibiza,7500.0
6F19410115B,Veer,VEER DE PHARE IBIZA 2017 G,,SEAT,Ibiza,7500.0
RN043014300,Ventilateur,VENTILTUR +CAG MEGANE BIRI,CHINE,Renault,Megane,10500.0
VMC913,Ventilateur,VENTILTUR +CAG SYMBOL 09/LOGAN 09 /STEPWAY 09 MEG CLIM,,Renault / Dacia,Symbol / Logan / Sandero Stepway,8500.0
VMC455,,,FTB,,nan,14800.0
VMC380,Ventilateur,VENTILTUR +MOTEUR +ACCENTE 2005,FTB,,nan,6500.0
QF030AY,Ventilateur,VENTILTUR +MOTEUR +CAG ATOS 03-08,,Hyundai,Atos,6500.0
QF006D,Ventilateur,VENTILTUR +MOTEUR +CAG CLIO3 1.5-1.6-16V,,Renault,Clio 3,8500.0
QF030,Ventilateur,VENTILTUR +MOTEUR +CAG+AVEO NV,,Chevrolet,Aveo,8200.0
QF014CD,Ventilateur,VENTILTUR +MOTEUR +VASE PICANTO P?P 2012/17,FTB,Kia,Picanto,9800.0
QF030PS,Ventilateur,VENTILTUR +MOTEUR AVEO AN 2008,,Chevrolet,Aveo,7500.0
VMC914,Ventilateur,VENTILTUR +MOTEUR COMPLET KANGO 97-01 1.6,,Renault,Kangoo,9500.0
VMC915,Ventilateur,VENTILTUR +MOTEUR EXPRESS R19 MEGAN 96 03,FTB,Renault,Megane / Express / R19,6500.0
VMC524,Ventilateur,VENTILTUR 206 CLIM MC524,FTB,Peugeot,206,6500.0
VMC526,Ventilateur,VENTILTUR 206 LABASE MC526 A/N,FTB,Peugeot,206,5200.0
VMC523,Ventilateur,VENTILTUR 306 /PARTNER,FTB,Peugeot,Partner / 306,14000.0
VMC520,,,,,nan,6500.0
VMC525,Ventilateur,VENTILTUR 406 307 EXPERTE PARTNER ORGIN,FTB,Peugeot,Partner / 307 / 406,7500.0
VMC910,Ventilateur,VENTILTUR CLIO4/SYMBOL13/SANDERO12/STEPWAY/LOGAN13,FTB,Renault / Dacia,Clio 4 / Sandero Stepway,8500.0
VMC911,Kango98/Clio2/Clioclassic/Symbol02-12/San07-12,KANGO98/CLIO2/CLIOCLASSIC/SYMBOL02-12/SAN07-12,FTB,Renault,Clio 2,7800.0
VMC917,Ventilateur,VENTILTUR LOGAN SANDERO 2009 S/C 8200779073,FTB,Dacia,Logan / Sandero,7500.0
VMC521,Ventilateur,VENTILTUR PEUG +CAGE 1.6 HDI 207 301 208 C3,,Citroën / Peugeot,C3 / 207 / 208 / 301,7500.0
32147545244R,Ventilateur,VENTILTUR PEUG +CAGE COMPLET MASTER,,Renault,Master,14500.0
VMC522,Ventilateur,VENTILTUR PEUG ESS 1.4 HDI 301/207-208/2008/C3/C4/ C-ELYSEE,,Citroën / Peugeot,C-Elysée / C3 / C4 / 207 / 208 / 301,7500.0
MC522,Ventilateur,VENTILTUR PEUG ESS 1.4 HDI 301/207-208/2008/C3/C4/ C-ELYSEE,,Citroën / Peugeot,C-Elysée / C3 / C4 / 207 / 208 / 301,7500.0
MC521,,,,,nan,7700.0
VAB406D,Verre,VERRE ANTIBLEURD 406 D,,Peugeot,406,1400.0
VAB406G,Verre,VERRE ANTIBLEURD 406 G,,Peugeot,406,1400.0
VPIC11D,Verre,VERRE DE IVECO C11 G,,Iveco,Daily,1350.0
VPIC11G,Verre,VERRE DE IVECO C11 G,,Iveco,Daily,1350.0
VPICD,Verre,VERRE DE IVECO CLASSIC D,,Iveco,Classic,1350.0
VPICG,Verre,VERRE DE IVECO CLASSIC G,,Iveco,Classic,1350.0
VER11,Verre,VERRE DE PHARE 205 G+D,,Peugeot,205,1450.0
VPR205G,Verre,VERRE DE PHARE 205 G+D,,Peugeot,205,1300.0
VERIBZ,Verre,VERRE DE PHARE 205 IBIZA 13-16 G/D,,Peugeot / SEAT,205 / Ibiza,9200.0
A00000282,Verre,VERRE DE PHARE 207 D,,Peugeot,207,6500.0
A00000133,Verre,VERRE DE PHARE 207 G,,Peugeot,207,6500.0
VEER208H,Verre,VERRE DE PHARE 208 D,,Peugeot,208,6500.0
0102-01L,Verre,VERRE DE PHARE 208 G,,Peugeot,208,6500.0
VP305AMC,Verre,VERRE DE PHARE 305 AM G,,Peugeot,305,1100.0
VER13,Verre,VERRE DE PHARE 305 G+D,,Peugeot,305,1100.0
VP305NMD,Verre,VERRE DE PHARE 305 NM D,,Peugeot,305,1200.0
VP305NMG,Verre,VERRE DE PHARE 305 NM G,,Peugeot,305,1100.0
VP306G,Verre,VERRE DE PHARE 306 G,,Peugeot,306,1400.0
VE307,Verre,VERRE DE PHARE 307 D,,Peugeot,307,5500.0
VE307,Verre,VERRE DE PHARE 307 G,,Peugeot,307,5500.0
VER06,Verre,VERRE DE PHARE 309 D,,Peugeot,309,1100.0
VER306,Verre,VERRE DE PHARE 309 G+D,,Peugeot,309,1500.0
5,Verre,VERRE DE PHARE 405 D,,Peugeot,405,1350.0
VP405D,Verre,VERRE DE PHARE 405 D+G,,Peugeot,405,1350.0
VP405,Verre,VERRE DE PHARE 405 G/D,,Peugeot,405,1350.0
VER406PH,Verre,VERRE DE PHARE 406 G+D,,Peugeot,406,5000.0
VP504D,Verre,VERRE DE PHARE 504 D,,Peugeot,504,1150.0
VP504G,Verre,VERRE DE PHARE 504 G,,Peugeot,504,1150.0
24,Verre,VERRE DE PHARE ACCENT 98 G,,Hyundai,Accent,1500.0
VPBERLNGOD,Verre,VERRE DE PHARE BERLINGO 2D+G,,Citroën,Berlingo,1250.0
VPBERLINGO,Verre,VERRE DE PHARE BERLINGO G,,Citroën,Berlingo,1250.0
17,Verre,VERRE DE PHARE BOXEUR D,,,nan,1350.0
2K1941006A,Verre,VERRE DE PHARE CADDY 16 D,,Volkswagen,Caddy,7500.0
2K1941005A,Verre,VERRE DE PHARE CADDY 16 G,,Volkswagen,Caddy,7500.0
VPCD,Verre,VERRE DE PHARE CIELO D,,Daewoo,Cielo,1500.0
VPCG,Verre,VERRE DE PHARE CIELO G,,Daewoo,Cielo,1500.0
27,Verre,VERRE DE PHARE CLIO 96 D,,Renault,Clio,1300.0
VPCL96D,Verre,VERRE DE PHARE CLIO 96 G,,Renault,Clio,1350.0
19,Verre,VERRE DE PHARE CLIO 96 JAPO,,Renault,Clio,1500.0
VER02,Verre,VERRE DE PHARE CLIO 96-98 D/G,,Renault,Clio,1800.0
20,Verre,VERRE DE PHARE CLIO 98 JAPO,,Renault,Clio,1500.0
VER010,Verre,VERRE DE PHARE EXPERT D,,Peugeot,Expert,1600.0
VPE///G,Verre,VERRE DE PHARE EXPERT G,,Peugeot,Expert,1100.0
265659022,Verre,VERRE DE PHARE EXPRESSE 3 G,,,nan,1200.0
VER08,Verre,VERRE DE PHARE EXPRESSE3 D,,,nan,1200.0
VPE///GH,Verre,VERRE DE PHARE EXPRESSE3 G,,,nan,1200.0
VPE///DT,Verre,VERRE DE PHARE EXPRESSE3D,,,nan,1200.0
5GG941006B,Verre,VERRE DE PHARE GOLF 7.5 D,,Volkswagen,Golf 7,7500.0
5GG941005B,Verre,VERRE DE PHARE GOLF 7.5 G,,Volkswagen,Golf 7,7500.0
VPG2GM,Verre,VERRE DE PHARE GOLF2 GM GD,,Volkswagen,Golf 2,1100.0
VPGDN,Verre,VERRE DE PHARE GOLF3 D,,Volkswagen,Golf 3,1750.0
VER03,Verre,VERRE DE PHARE GOLF3 G,,Volkswagen,Golf 3,1700.0
VPG3G,Verre,VERRE DE PHARE GOLF3 G,,Volkswagen,Golf 3,1750.0
5KD941006,Verre,VERRE DE PHARE GOLF6 D,,Volkswagen,Golf 6,6500.0
5KD941005,Verre,VERRE DE PHARE GOLF6 G,,Volkswagen,Golf 6,6500.0
5G1941006,Verre,VERRE DE PHARE GOLF7 D,,Volkswagen,Golf 7,7000.0
5G1941005,Verre,VERRE DE PHARE GOLF7 G,,Volkswagen,Golf 7,7000.0
25,Verre,VERRE DE PHARE IVECO 2000 CRISTAL G/D,,Iveco,Daily 2000,1800.0
23,Verre,VERRE DE PHARE IVECO 96-99 G/D,,Iveco,,1500.0
VPJ5G/D,Verre,VERRE DE PHARE J5 G/D,,,nan,1350.0
VER07,Verre,VERRE DE PHARE MARUTI D,,,nan,1800.0
VPMASTERD,Verre,VERRE DE PHARE MASTER D,,Renault,Master,3500.0
VPMASTERG,Verre,VERRE DE PHARE MASTER G,,Renault,Master,3500.0
28,Verre,VERRE DE PHARE MEGANE 95-98 D,,Renault,Megane,1300.0
265656,Verre,VERRE DE PHARE MEGANE 95-98 G,,Renault,Megane,1300.0
VPMG,Verre,VERRE DE PHARE MEGANE G,,Renault,Megane,1250.0
6R1941016C,Verre,VERRE DE PHARE POLO 10 D,,Volkswagen,Polo,6500.0
6R941015C,Verre,VERRE DE PHARE POLO 10 G,,Volkswagen,Polo,6500.0
POLO1234,Verre,VERRE DE PHARE POLO CADY D,,Volkswagen,Polo,1500.0
POLO1235,Verre,VERRE DE PHARE POLO CADY G,,Volkswagen,Polo,1500.0
22,Verre,VERRE DE PHARE POLO CLASSIQUE G/D,,Volkswagen,Polo,1500.0
18,Verre,VERRE DE PHARE POLO COUPE 1995-1999 G/D,,Volkswagen,Polo,1500.0
VPPNMDH,Verre,VERRE DE PHARE POLO NM D,,Volkswagen,Polo,1400.0
VPPNMGH,Verre,VERRE DE PHARE POLO NM G,,Volkswagen,Polo,1400.0
VPR18D,Verre,VERRE DE PHARE R18 D,,,nan,1150.0
VPR18G,Verre,VERRE DE PHARE R18 G,,,nan,1150.0
R19G,Verre,VERRE DE PHARE R19 D,,Renault,R19,1800.0
R19,Verre,VERRE DE PHARE R19 G,,Renault,R19,1800.0
VER09,Verre,VERRE DE PHARE R21 AM G,,Renault,R21,1500.0
VERR21,Verre,VERRE DE PHARE R21 NM G,,Renault,R21,1500.0
VPR25AND,Verre,VERRE DE PHARE R25 A/M D,,Renault,R25,1350.0
VPR25ANG,Verre,VERRE DE PHARE R25 A/M G,,Renault,R25,1350.0
VPR25NMD,Verre,VERRE DE PHARE R25 D,,Renault,R25,1950.0
VPR25NMG,Verre,VERRE DE PHARE R25 G,,Renault,R25,1950.0
VPR25NMHD,Verre,VERRE DE PHARE R25 NM D,,Renault,R25,1950.0
VPR25NMGH,Verre,VERRE DE PHARE R25 NM G,,Renault,R25,1950.0
VPR4,Verre,VERRE DE PHARE R4 G+D,,,nan,1100.0
VPR5G,Verre,VERRE DE PHARE R5 G,,Renault,R5,1000.0
VPR9,Verre,VERRE DE PHARE R9 AM G,,Renault,R9,1150.0
VER04,Verre,VERRE DE PHARE R9 AM G+D,,Renault,R9,1500.0
VER05,Verre,VERRE DE PHARE R9 NM,,Renault,R9,1600.0
6,Verre,VERRE DE PHARE SPRINTER -G,,,nan,1700.0
5N1941006B,Verre,VERRE DE PHARE TIGUANE 11-15 D,,,nan,7500.0
5N1941005B,Verre,VERRE DE PHARE TIGUANE 11-15 G,,,nan,7500.0
VPTD,Verre,VERRE DE PHARE TRAFIC D,,Renault,Trafic,1350.0
VPTG,Verre,VERRE DE PHARE TRAFIC G,,Renault,Trafic,1350.0
